"Source","Line","Target","Kind","ResolvedPath","Exists"
"commands\paul\add-phase.md","15","C:\Users\littl\Documents\Codex\2026-08-02\research-c-users-littl-agents-skills\work\evidence\christopherkahler-paul\install-smoke/paul-framework/workflows/roadmap-management.md","static","C:\Users\littl\Documents\Codex\2026-08-02\research-c-users-littl-agents-skills\work\evidence\christopherkahler-paul\install-smoke\paul-framework\workflows\roadmap-management.md","True"
"commands\paul\add-phase.md","21",".paul/PROJECT.md","dynamic_or_example",,
"commands\paul\add-phase.md","22",".paul/STATE.md","dynamic_or_example",,
"commands\paul\add-phase.md","23",".paul/ROADMAP.md","dynamic_or_example",,
"commands\paul\add-phase.md","27","C:\Users\littl\Documents\Codex\2026-08-02\research-c-users-littl-agents-skills\work\evidence\christopherkahler-paul\install-smoke/paul-framework/workflows/roadmap-management.md","static","C:\Users\littl\Documents\Codex\2026-08-02\research-c-users-littl-agents-skills\work\evidence\christopherkahler-paul\install-smoke\paul-framework\workflows\roadmap-management.md","True"
"commands\paul\apply.md","17","C:\Users\littl\Documents\Codex\2026-08-02\research-c-users-littl-agents-skills\work\evidence\christopherkahler-paul\install-smoke/paul-framework/workflows/apply-phase.md","static","C:\Users\littl\Documents\Codex\2026-08-02\research-c-users-littl-agents-skills\work\evidence\christopherkahler-paul\install-smoke\paul-framework\workflows\apply-phase.md","True"
"commands\paul\apply.md","18","C:\Users\littl\Documents\Codex\2026-08-02\research-c-users-littl-agents-skills\work\evidence\christopherkahler-paul\install-smoke/paul-framework/references/checkpoints.md","static","C:\Users\littl\Documents\Codex\2026-08-02\research-c-users-littl-agents-skills\work\evidence\christopherkahler-paul\install-smoke\paul-framework\references\checkpoints.md","True"
"commands\paul\apply.md","24",".paul/STATE.md","dynamic_or_example",,
"commands\paul\apply.md","38","C:\Users\littl\Documents\Codex\2026-08-02\research-c-users-littl-agents-skills\work\evidence\christopherkahler-paul\install-smoke/paul-framework/workflows/apply-phase.md","static","C:\Users\littl\Documents\Codex\2026-08-02\research-c-users-littl-agents-skills\work\evidence\christopherkahler-paul\install-smoke\paul-framework\workflows\apply-phase.md","True"
"commands\paul\assumptions.md","17","C:\Users\littl\Documents\Codex\2026-08-02\research-c-users-littl-agents-skills\work\evidence\christopherkahler-paul\install-smoke/paul-framework/workflows/phase-assumptions.md","static","C:\Users\littl\Documents\Codex\2026-08-02\research-c-users-littl-agents-skills\work\evidence\christopherkahler-paul\install-smoke\paul-framework\workflows\phase-assumptions.md","True"
"commands\paul\assumptions.md","23",".paul/PROJECT.md","dynamic_or_example",,
"commands\paul\assumptions.md","24",".paul/STATE.md","dynamic_or_example",,
"commands\paul\assumptions.md","25",".paul/ROADMAP.md","dynamic_or_example",,
"commands\paul\assumptions.md","29","C:\Users\littl\Documents\Codex\2026-08-02\research-c-users-littl-agents-skills\work\evidence\christopherkahler-paul\install-smoke/paul-framework/workflows/phase-assumptions.md","static","C:\Users\littl\Documents\Codex\2026-08-02\research-c-users-littl-agents-skills\work\evidence\christopherkahler-paul\install-smoke\paul-framework\workflows\phase-assumptions.md","True"
"commands\paul\audit.md","19","C:\Users\littl\Documents\Codex\2026-08-02\research-c-users-littl-agents-skills\work\evidence\christopherkahler-paul\install-smoke/paul-framework/workflows/audit-plan.md","static","C:\Users\littl\Documents\Codex\2026-08-02\research-c-users-littl-agents-skills\work\evidence\christopherkahler-paul\install-smoke\paul-framework\workflows\audit-plan.md","True"
"commands\paul\audit.md","25",".paul/STATE.md","dynamic_or_example",,
"commands\paul\audit.md","26",".paul/config.md","dynamic_or_example",,
"commands\paul\audit.md","30","C:\Users\littl\Documents\Codex\2026-08-02\research-c-users-littl-agents-skills\work\evidence\christopherkahler-paul\install-smoke/paul-framework/workflows/audit-plan.md","static","C:\Users\littl\Documents\Codex\2026-08-02\research-c-users-littl-agents-skills\work\evidence\christopherkahler-paul\install-smoke\paul-framework\workflows\audit-plan.md","True"
"commands\paul\complete-milestone.md","15","C:\Users\littl\Documents\Codex\2026-08-02\research-c-users-littl-agents-skills\work\evidence\christopherkahler-paul\install-smoke/paul-framework/workflows/complete-milestone.md","static","C:\Users\littl\Documents\Codex\2026-08-02\research-c-users-littl-agents-skills\work\evidence\christopherkahler-paul\install-smoke\paul-framework\workflows\complete-milestone.md","True"
"commands\paul\complete-milestone.md","21",".paul/PROJECT.md","dynamic_or_example",,
"commands\paul\complete-milestone.md","22",".paul/STATE.md","dynamic_or_example",,
"commands\paul\complete-milestone.md","23",".paul/ROADMAP.md","dynamic_or_example",,
"commands\paul\complete-milestone.md","24",".paul/MILESTONES.md","dynamic_or_example",,
"commands\paul\complete-milestone.md","28","C:\Users\littl\Documents\Codex\2026-08-02\research-c-users-littl-agents-skills\work\evidence\christopherkahler-paul\install-smoke/paul-framework/workflows/complete-milestone.md","static","C:\Users\littl\Documents\Codex\2026-08-02\research-c-users-littl-agents-skills\work\evidence\christopherkahler-paul\install-smoke\paul-framework\workflows\complete-milestone.md","True"
"commands\paul\consider-issues.md","14","C:\Users\littl\Documents\Codex\2026-08-02\research-c-users-littl-agents-skills\work\evidence\christopherkahler-paul\install-smoke/paul-framework/workflows/consider-issues.md","static","C:\Users\littl\Documents\Codex\2026-08-02\research-c-users-littl-agents-skills\work\evidence\christopherkahler-paul\install-smoke\paul-framework\workflows\consider-issues.md","True"
"commands\paul\consider-issues.md","18",".paul/ISSUES.md","dynamic_or_example",,
"commands\paul\consider-issues.md","19",".paul/STATE.md","dynamic_or_example",,
"commands\paul\consider-issues.md","20",".paul/ROADMAP.md","dynamic_or_example",,
"commands\paul\consider-issues.md","24","C:\Users\littl\Documents\Codex\2026-08-02\research-c-users-littl-agents-skills\work\evidence\christopherkahler-paul\install-smoke/paul-framework/workflows/consider-issues.md","static","C:\Users\littl\Documents\Codex\2026-08-02\research-c-users-littl-agents-skills\work\evidence\christopherkahler-paul\install-smoke\paul-framework\workflows\consider-issues.md","True"
"commands\paul\discover.md","17","C:\Users\littl\Documents\Codex\2026-08-02\research-c-users-littl-agents-skills\work\evidence\christopherkahler-paul\install-smoke/paul-framework/workflows/discovery.md","static","C:\Users\littl\Documents\Codex\2026-08-02\research-c-users-littl-agents-skills\work\evidence\christopherkahler-paul\install-smoke\paul-framework\workflows\discovery.md","True"
"commands\paul\discover.md","18","C:\Users\littl\Documents\Codex\2026-08-02\research-c-users-littl-agents-skills\work\evidence\christopherkahler-paul\install-smoke/paul-framework/templates/DISCOVERY.md","static","C:\Users\littl\Documents\Codex\2026-08-02\research-c-users-littl-agents-skills\work\evidence\christopherkahler-paul\install-smoke\paul-framework\templates\DISCOVERY.md","True"
"commands\paul\discover.md","24",".paul/STATE.md","dynamic_or_example",,
"commands\paul\discover.md","25",".paul/ROADMAP.md","dynamic_or_example",,
"commands\paul\discover.md","29","C:\Users\littl\Documents\Codex\2026-08-02\research-c-users-littl-agents-skills\work\evidence\christopherkahler-paul\install-smoke/paul-framework/workflows/discovery.md","static","C:\Users\littl\Documents\Codex\2026-08-02\research-c-users-littl-agents-skills\work\evidence\christopherkahler-paul\install-smoke\paul-framework\workflows\discovery.md","True"
"commands\paul\discuss-milestone.md","15","C:\Users\littl\Documents\Codex\2026-08-02\research-c-users-littl-agents-skills\work\evidence\christopherkahler-paul\install-smoke/paul-framework/workflows/discuss-milestone.md","static","C:\Users\littl\Documents\Codex\2026-08-02\research-c-users-littl-agents-skills\work\evidence\christopherkahler-paul\install-smoke\paul-framework\workflows\discuss-milestone.md","True"
"commands\paul\discuss-milestone.md","19",".paul/PROJECT.md","dynamic_or_example",,
"commands\paul\discuss-milestone.md","20",".paul/STATE.md","dynamic_or_example",,
"commands\paul\discuss-milestone.md","21",".paul/ROADMAP.md","dynamic_or_example",,
"commands\paul\discuss-milestone.md","22",".paul/MILESTONES.md","dynamic_or_example",,
"commands\paul\discuss-milestone.md","26","C:\Users\littl\Documents\Codex\2026-08-02\research-c-users-littl-agents-skills\work\evidence\christopherkahler-paul\install-smoke/paul-framework/workflows/discuss-milestone.md","static","C:\Users\littl\Documents\Codex\2026-08-02\research-c-users-littl-agents-skills\work\evidence\christopherkahler-paul\install-smoke\paul-framework\workflows\discuss-milestone.md","True"
"commands\paul\discuss.md","15","C:\Users\littl\Documents\Codex\2026-08-02\research-c-users-littl-agents-skills\work\evidence\christopherkahler-paul\install-smoke/paul-framework/workflows/discuss-phase.md","static","C:\Users\littl\Documents\Codex\2026-08-02\research-c-users-littl-agents-skills\work\evidence\christopherkahler-paul\install-smoke\paul-framework\workflows\discuss-phase.md","True"
"commands\paul\discuss.md","21",".paul/PROJECT.md","dynamic_or_example",,
"commands\paul\discuss.md","22",".paul/STATE.md","dynamic_or_example",,
"commands\paul\discuss.md","23",".paul/ROADMAP.md","dynamic_or_example",,
"commands\paul\discuss.md","27","C:\Users\littl\Documents\Codex\2026-08-02\research-c-users-littl-agents-skills\work\evidence\christopherkahler-paul\install-smoke/paul-framework/workflows/discuss-phase.md","static","C:\Users\littl\Documents\Codex\2026-08-02\research-c-users-littl-agents-skills\work\evidence\christopherkahler-paul\install-smoke\paul-framework\workflows\discuss-phase.md","True"
"commands\paul\flows.md","25","C:\Users\littl\Documents\Codex\2026-08-02\research-c-users-littl-agents-skills\work\evidence\christopherkahler-paul\install-smoke/paul-framework/workflows/configure-special-flows.md","static","C:\Users\littl\Documents\Codex\2026-08-02\research-c-users-littl-agents-skills\work\evidence\christopherkahler-paul\install-smoke\paul-framework\workflows\configure-special-flows.md","True"
"commands\paul\flows.md","26","C:\Users\littl\Documents\Codex\2026-08-02\research-c-users-littl-agents-skills\work\evidence\christopherkahler-paul\install-smoke/paul-framework/references/specialized-workflow-integration.md","static","C:\Users\littl\Documents\Codex\2026-08-02\research-c-users-littl-agents-skills\work\evidence\christopherkahler-paul\install-smoke\paul-framework\references\specialized-workflow-integration.md","True"
"commands\paul\flows.md","32",".paul/PROJECT.md","dynamic_or_example",,
"commands\paul\flows.md","33",".paul/STATE.md","dynamic_or_example",,
"commands\paul\flows.md","34",".paul/SPECIAL-FLOWS.md","dynamic_or_example",,
"commands\paul\flows.md","41","workflows/configure-special-flows.md","static","C:\Users\littl\Documents\Codex\2026-08-02\research-c-users-littl-agents-skills\work\evidence\christopherkahler-paul\install-smoke\paul-framework\workflows\configure-special-flows.md","True"
"commands\paul\handoff.md","17",".paul/STATE.md","dynamic_or_example",,
"commands\paul\init.md","17","C:\Users\littl\Documents\Codex\2026-08-02\research-c-users-littl-agents-skills\work\evidence\christopherkahler-paul\install-smoke/paul-framework/workflows/init-project.md","static","C:\Users\littl\Documents\Codex\2026-08-02\research-c-users-littl-agents-skills\work\evidence\christopherkahler-paul\install-smoke\paul-framework\workflows\init-project.md","True"
"commands\paul\init.md","18","C:\Users\littl\Documents\Codex\2026-08-02\research-c-users-littl-agents-skills\work\evidence\christopherkahler-paul\install-smoke/paul-framework/templates/PROJECT.md","static","C:\Users\littl\Documents\Codex\2026-08-02\research-c-users-littl-agents-skills\work\evidence\christopherkahler-paul\install-smoke\paul-framework\templates\PROJECT.md","True"
"commands\paul\init.md","19","C:\Users\littl\Documents\Codex\2026-08-02\research-c-users-littl-agents-skills\work\evidence\christopherkahler-paul\install-smoke/paul-framework/templates/STATE.md","static","C:\Users\littl\Documents\Codex\2026-08-02\research-c-users-littl-agents-skills\work\evidence\christopherkahler-paul\install-smoke\paul-framework\templates\STATE.md","True"
"commands\paul\init.md","20","C:\Users\littl\Documents\Codex\2026-08-02\research-c-users-littl-agents-skills\work\evidence\christopherkahler-paul\install-smoke/paul-framework/templates/ROADMAP.md","static","C:\Users\littl\Documents\Codex\2026-08-02\research-c-users-littl-agents-skills\work\evidence\christopherkahler-paul\install-smoke\paul-framework\templates\ROADMAP.md","True"
"commands\paul\init.md","28","C:\Users\littl\Documents\Codex\2026-08-02\research-c-users-littl-agents-skills\work\evidence\christopherkahler-paul\install-smoke/paul-framework/workflows/init-project.md","static","C:\Users\littl\Documents\Codex\2026-08-02\research-c-users-littl-agents-skills\work\evidence\christopherkahler-paul\install-smoke\paul-framework\workflows\init-project.md","True"
"commands\paul\map-codebase.md","8","src/workflows/map-codebase.md","static","C:\Users\littl\Documents\Codex\2026-08-02\research-c-users-littl-agents-skills\work\evidence\christopherkahler-paul\install-smoke\src\workflows\map-codebase.md","False"
"commands\paul\map-codebase.md","12","src/workflows/map-codebase.md","static","C:\Users\littl\Documents\Codex\2026-08-02\research-c-users-littl-agents-skills\work\evidence\christopherkahler-paul\install-smoke\src\workflows\map-codebase.md","False"
"commands\paul\milestone.md","15","C:\Users\littl\Documents\Codex\2026-08-02\research-c-users-littl-agents-skills\work\evidence\christopherkahler-paul\install-smoke/paul-framework/workflows/create-milestone.md","static","C:\Users\littl\Documents\Codex\2026-08-02\research-c-users-littl-agents-skills\work\evidence\christopherkahler-paul\install-smoke\paul-framework\workflows\create-milestone.md","True"
"commands\paul\milestone.md","21",".paul/PROJECT.md","dynamic_or_example",,
"commands\paul\milestone.md","22",".paul/STATE.md","dynamic_or_example",,
"commands\paul\milestone.md","23",".paul/ROADMAP.md","dynamic_or_example",,
"commands\paul\milestone.md","27","C:\Users\littl\Documents\Codex\2026-08-02\research-c-users-littl-agents-skills\work\evidence\christopherkahler-paul\install-smoke/paul-framework/workflows/create-milestone.md","static","C:\Users\littl\Documents\Codex\2026-08-02\research-c-users-littl-agents-skills\work\evidence\christopherkahler-paul\install-smoke\paul-framework\workflows\create-milestone.md","True"
"commands\paul\pause.md","15","C:\Users\littl\Documents\Codex\2026-08-02\research-c-users-littl-agents-skills\work\evidence\christopherkahler-paul\install-smoke/paul-framework/workflows/pause-work.md","static","C:\Users\littl\Documents\Codex\2026-08-02\research-c-users-littl-agents-skills\work\evidence\christopherkahler-paul\install-smoke\paul-framework\workflows\pause-work.md","True"
"commands\paul\pause.md","21",".paul/STATE.md","dynamic_or_example",,
"commands\paul\pause.md","22",".paul/PROJECT.md","dynamic_or_example",,
"commands\paul\pause.md","26","C:\Users\littl\Documents\Codex\2026-08-02\research-c-users-littl-agents-skills\work\evidence\christopherkahler-paul\install-smoke/paul-framework/workflows/pause-work.md","static","C:\Users\littl\Documents\Codex\2026-08-02\research-c-users-littl-agents-skills\work\evidence\christopherkahler-paul\install-smoke\paul-framework\workflows\pause-work.md","True"
"commands\paul\plan-fix.md","17","C:\Users\littl\Documents\Codex\2026-08-02\research-c-users-littl-agents-skills\work\evidence\christopherkahler-paul\install-smoke/paul-framework/references/plan-format.md","static","C:\Users\littl\Documents\Codex\2026-08-02\research-c-users-littl-agents-skills\work\evidence\christopherkahler-paul\install-smoke\paul-framework\references\plan-format.md","True"
"commands\paul\plan-fix.md","18","C:\Users\littl\Documents\Codex\2026-08-02\research-c-users-littl-agents-skills\work\evidence\christopherkahler-paul\install-smoke/paul-framework/references/checkpoints.md","static","C:\Users\littl\Documents\Codex\2026-08-02\research-c-users-littl-agents-skills\work\evidence\christopherkahler-paul\install-smoke\paul-framework\references\checkpoints.md","True"
"commands\paul\plan-fix.md","24",".paul/STATE.md","dynamic_or_example",,
"commands\paul\plan-fix.md","25",".paul/ROADMAP.md","dynamic_or_example",,
"commands\paul\plan-fix.md","134",".paul/STATE.md","dynamic_or_example",,
"commands\paul\plan-fix.md","135",".paul/ROADMAP.md","dynamic_or_example",,
"commands\paul\plan-fix.md","138",".paul/phases/XX-name/{plan}-UAT.md","dynamic_or_example",,
"commands\paul\plan-fix.md","141",".paul/phases/XX-name/{plan}-PLAN.md","dynamic_or_example",,
"commands\paul\plan.md","15","C:\Users\littl\Documents\Codex\2026-08-02\research-c-users-littl-agents-skills\work\evidence\christopherkahler-paul\install-smoke/paul-framework/workflows/plan-phase.md","static","C:\Users\littl\Documents\Codex\2026-08-02\research-c-users-littl-agents-skills\work\evidence\christopherkahler-paul\install-smoke\paul-framework\workflows\plan-phase.md","True"
"commands\paul\plan.md","16","C:\Users\littl\Documents\Codex\2026-08-02\research-c-users-littl-agents-skills\work\evidence\christopherkahler-paul\install-smoke/paul-framework/templates/PLAN.md","static","C:\Users\littl\Documents\Codex\2026-08-02\research-c-users-littl-agents-skills\work\evidence\christopherkahler-paul\install-smoke\paul-framework\templates\PLAN.md","True"
"commands\paul\plan.md","17","C:\Users\littl\Documents\Codex\2026-08-02\research-c-users-littl-agents-skills\work\evidence\christopherkahler-paul\install-smoke/paul-framework/references/plan-format.md","static","C:\Users\littl\Documents\Codex\2026-08-02\research-c-users-littl-agents-skills\work\evidence\christopherkahler-paul\install-smoke\paul-framework\references\plan-format.md","True"
"commands\paul\plan.md","23",".paul/PROJECT.md","dynamic_or_example",,
"commands\paul\plan.md","24",".paul/STATE.md","dynamic_or_example",,
"commands\paul\plan.md","25",".paul/ROADMAP.md","dynamic_or_example",,
"commands\paul\plan.md","29","C:\Users\littl\Documents\Codex\2026-08-02\research-c-users-littl-agents-skills\work\evidence\christopherkahler-paul\install-smoke/paul-framework/workflows/plan-phase.md","static","C:\Users\littl\Documents\Codex\2026-08-02\research-c-users-littl-agents-skills\work\evidence\christopherkahler-paul\install-smoke\paul-framework\workflows\plan-phase.md","True"
"commands\paul\progress.md","24",".paul/STATE.md","dynamic_or_example",,
"commands\paul\progress.md","25",".paul/ROADMAP.md","dynamic_or_example",,
"commands\paul\register.md","18","C:\Users\littl\Documents\Codex\2026-08-02\research-c-users-littl-agents-skills\work\evidence\christopherkahler-paul\install-smoke/paul-framework/workflows/register-manifest.md","static","C:\Users\littl\Documents\Codex\2026-08-02\research-c-users-littl-agents-skills\work\evidence\christopherkahler-paul\install-smoke\paul-framework\workflows\register-manifest.md","True"
"commands\paul\register.md","26","C:\Users\littl\Documents\Codex\2026-08-02\research-c-users-littl-agents-skills\work\evidence\christopherkahler-paul\install-smoke/paul-framework/workflows/register-manifest.md","static","C:\Users\littl\Documents\Codex\2026-08-02\research-c-users-littl-agents-skills\work\evidence\christopherkahler-paul\install-smoke\paul-framework\workflows\register-manifest.md","True"
"commands\paul\remove-phase.md","15","C:\Users\littl\Documents\Codex\2026-08-02\research-c-users-littl-agents-skills\work\evidence\christopherkahler-paul\install-smoke/paul-framework/workflows/roadmap-management.md","static","C:\Users\littl\Documents\Codex\2026-08-02\research-c-users-littl-agents-skills\work\evidence\christopherkahler-paul\install-smoke\paul-framework\workflows\roadmap-management.md","True"
"commands\paul\remove-phase.md","21",".paul/PROJECT.md","dynamic_or_example",,
"commands\paul\remove-phase.md","22",".paul/STATE.md","dynamic_or_example",,
"commands\paul\remove-phase.md","23",".paul/ROADMAP.md","dynamic_or_example",,
"commands\paul\remove-phase.md","27","C:\Users\littl\Documents\Codex\2026-08-02\research-c-users-littl-agents-skills\work\evidence\christopherkahler-paul\install-smoke/paul-framework/workflows/roadmap-management.md","static","C:\Users\littl\Documents\Codex\2026-08-02\research-c-users-littl-agents-skills\work\evidence\christopherkahler-paul\install-smoke\paul-framework\workflows\roadmap-management.md","True"
"commands\paul\research-phase.md","21","C:\Users\littl\Documents\Codex\2026-08-02\research-c-users-littl-agents-skills\work\evidence\christopherkahler-paul\install-smoke/paul-framework/workflows/research.md","static","C:\Users\littl\Documents\Codex\2026-08-02\research-c-users-littl-agents-skills\work\evidence\christopherkahler-paul\install-smoke\paul-framework\workflows\research.md","True"
"commands\paul\research-phase.md","22","C:\Users\littl\Documents\Codex\2026-08-02\research-c-users-littl-agents-skills\work\evidence\christopherkahler-paul\install-smoke/paul-framework/references/subagent-criteria.md","static","C:\Users\littl\Documents\Codex\2026-08-02\research-c-users-littl-agents-skills\work\evidence\christopherkahler-paul\install-smoke\paul-framework\references\subagent-criteria.md","True"
"commands\paul\research-phase.md","28",".paul/PROJECT.md","dynamic_or_example",,
"commands\paul\research-phase.md","29",".paul/STATE.md","dynamic_or_example",,
"commands\paul\research-phase.md","30",".paul/ROADMAP.md","dynamic_or_example",,
"commands\paul\research.md","21","C:\Users\littl\Documents\Codex\2026-08-02\research-c-users-littl-agents-skills\work\evidence\christopherkahler-paul\install-smoke/paul-framework/workflows/research.md","static","C:\Users\littl\Documents\Codex\2026-08-02\research-c-users-littl-agents-skills\work\evidence\christopherkahler-paul\install-smoke\paul-framework\workflows\research.md","True"
"commands\paul\research.md","22","C:\Users\littl\Documents\Codex\2026-08-02\research-c-users-littl-agents-skills\work\evidence\christopherkahler-paul\install-smoke/paul-framework/references/subagent-criteria.md","static","C:\Users\littl\Documents\Codex\2026-08-02\research-c-users-littl-agents-skills\work\evidence\christopherkahler-paul\install-smoke\paul-framework\references\subagent-criteria.md","True"
"commands\paul\research.md","33",".paul/PROJECT.md","dynamic_or_example",,
"commands\paul\research.md","34",".paul/STATE.md","dynamic_or_example",,
"commands\paul\research.md","38","C:\Users\littl\Documents\Codex\2026-08-02\research-c-users-littl-agents-skills\work\evidence\christopherkahler-paul\install-smoke/paul-framework/workflows/research.md","static","C:\Users\littl\Documents\Codex\2026-08-02\research-c-users-littl-agents-skills\work\evidence\christopherkahler-paul\install-smoke\paul-framework\workflows\research.md","True"
"commands\paul\resume.md","17","C:\Users\littl\Documents\Codex\2026-08-02\research-c-users-littl-agents-skills\work\evidence\christopherkahler-paul\install-smoke/paul-framework/workflows/resume-project.md","static","C:\Users\littl\Documents\Codex\2026-08-02\research-c-users-littl-agents-skills\work\evidence\christopherkahler-paul\install-smoke\paul-framework\workflows\resume-project.md","True"
"commands\paul\resume.md","23",".paul/STATE.md","dynamic_or_example",,
"commands\paul\resume.md","27","C:\Users\littl\Documents\Codex\2026-08-02\research-c-users-littl-agents-skills\work\evidence\christopherkahler-paul\install-smoke/paul-framework/workflows/resume-project.md","static","C:\Users\littl\Documents\Codex\2026-08-02\research-c-users-littl-agents-skills\work\evidence\christopherkahler-paul\install-smoke\paul-framework\workflows\resume-project.md","True"
"commands\paul\status.md","25",".paul/STATE.md","dynamic_or_example",,
"commands\paul\status.md","26",".paul/ROADMAP.md","dynamic_or_example",,
"commands\paul\unify.md","17","C:\Users\littl\Documents\Codex\2026-08-02\research-c-users-littl-agents-skills\work\evidence\christopherkahler-paul\install-smoke/paul-framework/workflows/unify-phase.md","static","C:\Users\littl\Documents\Codex\2026-08-02\research-c-users-littl-agents-skills\work\evidence\christopherkahler-paul\install-smoke\paul-framework\workflows\unify-phase.md","True"
"commands\paul\unify.md","18","C:\Users\littl\Documents\Codex\2026-08-02\research-c-users-littl-agents-skills\work\evidence\christopherkahler-paul\install-smoke/paul-framework/templates/SUMMARY.md","static","C:\Users\littl\Documents\Codex\2026-08-02\research-c-users-littl-agents-skills\work\evidence\christopherkahler-paul\install-smoke\paul-framework\templates\SUMMARY.md","True"
"commands\paul\unify.md","24",".paul/STATE.md","dynamic_or_example",,
"commands\paul\unify.md","37","C:\Users\littl\Documents\Codex\2026-08-02\research-c-users-littl-agents-skills\work\evidence\christopherkahler-paul\install-smoke/paul-framework/workflows/unify-phase.md","static","C:\Users\littl\Documents\Codex\2026-08-02\research-c-users-littl-agents-skills\work\evidence\christopherkahler-paul\install-smoke\paul-framework\workflows\unify-phase.md","True"
"commands\paul\verify.md","17","C:\Users\littl\Documents\Codex\2026-08-02\research-c-users-littl-agents-skills\work\evidence\christopherkahler-paul\install-smoke/paul-framework/workflows/verify-work.md","static","C:\Users\littl\Documents\Codex\2026-08-02\research-c-users-littl-agents-skills\work\evidence\christopherkahler-paul\install-smoke\paul-framework\workflows\verify-work.md","True"
"commands\paul\verify.md","18","C:\Users\littl\Documents\Codex\2026-08-02\research-c-users-littl-agents-skills\work\evidence\christopherkahler-paul\install-smoke/paul-framework/templates/UAT-ISSUES.md","static","C:\Users\littl\Documents\Codex\2026-08-02\research-c-users-littl-agents-skills\work\evidence\christopherkahler-paul\install-smoke\paul-framework\templates\UAT-ISSUES.md","True"
"commands\paul\verify.md","26",".paul/STATE.md","dynamic_or_example",,
"commands\paul\verify.md","27",".paul/ROADMAP.md","dynamic_or_example",,
"commands\paul\verify.md","31","C:\Users\littl\Documents\Codex\2026-08-02\research-c-users-littl-agents-skills\work\evidence\christopherkahler-paul\install-smoke/paul-framework/workflows/verify-work.md","static","C:\Users\littl\Documents\Codex\2026-08-02\research-c-users-littl-agents-skills\work\evidence\christopherkahler-paul\install-smoke\paul-framework\workflows\verify-work.md","True"
"paul-framework\references\context-management.md","50",".paul/STATE.md","dynamic_or_example",,
"paul-framework\references\context-management.md","51","src/models/user.ts","dynamic_or_example",,
"paul-framework\references\context-management.md","56",".paul/PROJECT.md","dynamic_or_example",,
"paul-framework\references\context-management.md","57",".paul/ROADMAP.md","dynamic_or_example",,
"paul-framework\references\context-management.md","58",".paul/STATE.md","dynamic_or_example",,
"paul-framework\references\context-management.md","59",".paul/phases/01-foundation/01-01-SUMMARY.md","dynamic_or_example",,
"paul-framework\references\context-management.md","60",".paul/phases/01-foundation/01-02-SUMMARY.md","dynamic_or_example",,
"paul-framework\references\context-management.md","61","src/models/user.ts","dynamic_or_example",,
"paul-framework\references\context-management.md","62","src/models/product.ts","dynamic_or_example",,
"paul-framework\references\context-management.md","63","src/api/routes.ts","dynamic_or_example",,
"paul-framework\references\context-management.md","72",".paul/phases/01-foundation/01-01-SUMMARY.md","dynamic_or_example",,
"paul-framework\references\context-management.md","75",".paul/phases/01-foundation/01-01-PLAN.md","dynamic_or_example",,
"paul-framework\references\context-management.md","76",".paul/phases/01-foundation/01-01-SUMMARY.md","dynamic_or_example",,
"paul-framework\references\context-management.md","190","everything/that/might/be/relevant.md","dynamic_or_example",,
"paul-framework\references\plan-format.md","56",".paul/PROJECT.md","dynamic_or_example",,
"paul-framework\references\plan-format.md","57",".paul/ROADMAP.md","dynamic_or_example",,
"paul-framework\references\plan-format.md","58",".paul/STATE.md","dynamic_or_example",,
"paul-framework\references\plan-format.md","59","relevant/source/files.ts","dynamic_or_example",,
"paul-framework\references\tdd.md","59",".paul/PROJECT.md","dynamic_or_example",,
"paul-framework\references\tdd.md","60",".paul/ROADMAP.md","dynamic_or_example",,
"paul-framework\references\tdd.md","61","relevant/source/files.ts","dynamic_or_example",,
"paul-framework\references\toml-sync.md","7","src/templates/paul-toml.md","static","C:\Users\littl\Documents\Codex\2026-08-02\research-c-users-littl-agents-skills\work\evidence\christopherkahler-paul\install-smoke\src\templates\paul-toml.md","False"
"paul-framework\references\toml-sync.md","7","src/templates/ledger-toml.md","static","C:\Users\littl\Documents\Codex\2026-08-02\research-c-users-littl-agents-skills\work\evidence\christopherkahler-paul\install-smoke\src\templates\ledger-toml.md","False"
"paul-framework\references\toml-sync.md","192","src/references/toml-sync.md","static","C:\Users\littl\Documents\Codex\2026-08-02\research-c-users-littl-agents-skills\work\evidence\christopherkahler-paul\install-smoke\src\references\toml-sync.md","False"
"paul-framework\rules\commands.md","41","src/workflows/plan-phase.md","static","C:\Users\littl\Documents\Codex\2026-08-02\research-c-users-littl-agents-skills\work\evidence\christopherkahler-paul\install-smoke\src\workflows\plan-phase.md","False"
"paul-framework\rules\commands.md","42","src/templates/PLAN.md","static","C:\Users\littl\Documents\Codex\2026-08-02\research-c-users-littl-agents-skills\work\evidence\christopherkahler-paul\install-smoke\src\templates\PLAN.md","False"
"paul-framework\rules\commands.md","43","src/references/checkpoints.md","static","C:\Users\littl\Documents\Codex\2026-08-02\research-c-users-littl-agents-skills\work\evidence\christopherkahler-paul\install-smoke\src\references\checkpoints.md","False"
"paul-framework\rules\commands.md","49",".paul/PROJECT.md","dynamic_or_example",,
"paul-framework\rules\commands.md","50",".paul/STATE.md","dynamic_or_example",,
"paul-framework\rules\commands.md","51",".paul/ROADMAP.md","dynamic_or_example",,
"paul-framework\rules\commands.md","86","src/workflows/plan-phase.md","static","C:\Users\littl\Documents\Codex\2026-08-02\research-c-users-littl-agents-skills\work\evidence\christopherkahler-paul\install-smoke\src\workflows\plan-phase.md","False"
"paul-framework\rules\commands.md","87","src/templates/PLAN.md","static","C:\Users\littl\Documents\Codex\2026-08-02\research-c-users-littl-agents-skills\work\evidence\christopherkahler-paul\install-smoke\src\templates\PLAN.md","False"
"paul-framework\rules\commands.md","88","src/references/plan-format.md","static","C:\Users\littl\Documents\Codex\2026-08-02\research-c-users-littl-agents-skills\work\evidence\christopherkahler-paul\install-smoke\src\references\plan-format.md","False"
"paul-framework\rules\commands.md","94",".paul/PROJECT.md","dynamic_or_example",,
"paul-framework\rules\commands.md","95",".paul/STATE.md","dynamic_or_example",,
"paul-framework\rules\commands.md","96",".paul/ROADMAP.md","dynamic_or_example",,
"paul-framework\rules\commands.md","100","src/workflows/plan-phase.md","static","C:\Users\littl\Documents\Codex\2026-08-02\research-c-users-littl-agents-skills\work\evidence\christopherkahler-paul\install-smoke\src\workflows\plan-phase.md","False"
"paul-framework\rules\references.md","93","src/references/checkpoints.md","static","C:\Users\littl\Documents\Codex\2026-08-02\research-c-users-littl-agents-skills\work\evidence\christopherkahler-paul\install-smoke\src\references\checkpoints.md","False"
"paul-framework\rules\references.md","94","src/references/subagent-criteria.md","static","C:\Users\littl\Documents\Codex\2026-08-02\research-c-users-littl-agents-skills\work\evidence\christopherkahler-paul\install-smoke\src\references\subagent-criteria.md","False"
"paul-framework\rules\style.md","77","src/workflows/plan-phase.md","static","C:\Users\littl\Documents\Codex\2026-08-02\research-c-users-littl-agents-skills\work\evidence\christopherkahler-paul\install-smoke\src\workflows\plan-phase.md","False"
"paul-framework\rules\style.md","78","src/templates/PLAN.md","static","C:\Users\littl\Documents\Codex\2026-08-02\research-c-users-littl-agents-skills\work\evidence\christopherkahler-paul\install-smoke\src\templates\PLAN.md","False"
"paul-framework\rules\style.md","81",".paul/PROJECT.md","dynamic_or_example",,
"paul-framework\rules\style.md","82",".paul/STATE.md","dynamic_or_example",,
"paul-framework\rules\style.md","85",".paul/DISCOVERY.md","dynamic_or_example",,
"paul-framework\rules\workflows.md","100",".paul/STATE.md","dynamic_or_example",,
"paul-framework\rules\workflows.md","101",".paul/phases/{phase}/{plan}-PLAN.md","dynamic_or_example",,
"paul-framework\templates\PLAN.md","38",".paul/PROJECT.md","dynamic_or_example",,
"paul-framework\templates\PLAN.md","39",".paul/ROADMAP.md","dynamic_or_example",,
"paul-framework\templates\PLAN.md","40",".paul/STATE.md","dynamic_or_example",,
"paul-framework\templates\PLAN.md","51","path/to/relevant/source.ts","dynamic_or_example",,
"paul-framework\templates\SPECIAL-FLOWS.md","70","references/specialized-workflow-integration.md","static","C:\Users\littl\Documents\Codex\2026-08-02\research-c-users-littl-agents-skills\work\evidence\christopherkahler-paul\install-smoke\paul-framework\references\specialized-workflow-integration.md","True"
"paul-framework\templates\codebase\conventions.md","55","/lib","other",,
"paul-framework\templates\codebase\conventions.md","55","/components","other",,
"paul-framework\templates\codebase\conventions.md","175","typescript-eslint/recommended","other",,
"paul-framework\templates\codebase\conventions.md","183","/lib","other",,
"paul-framework\templates\codebase\conventions.md","183","/services","other",,
"paul-framework\templates\codebase\integrations.md","46","aws-sdk/client-s3""]","other",,
"paul-framework\templates\codebase\integrations.md","148","sendgrid/mail","other",,
"paul-framework\templates\codebase\integrations.md","168","supabase/supabase-js","other",,
"paul-framework\templates\codebase\integrations.md","180","supabase/ssr","other",,
"paul-framework\templates\codebase\integrations.md","269","sendgrid/mail","other",,
"paul-framework\templates\codebase\structure.md","220","src/workflows/{name}.md","dynamic_or_example",,
"paul-framework\workflows\apply-phase.md","18",".paul/STATE.md","dynamic_or_example",,
"paul-framework\workflows\apply-phase.md","19",".paul/phases/{phase}/{plan}-PLAN.md","dynamic_or_example",,
"paul-framework\workflows\apply-phase.md","23","C:\Users\littl\Documents\Codex\2026-08-02\research-c-users-littl-agents-skills\work\evidence\christopherkahler-paul\install-smoke/paul-framework/references/checkpoints.md","static","C:\Users\littl\Documents\Codex\2026-08-02\research-c-users-littl-agents-skills\work\evidence\christopherkahler-paul\install-smoke\paul-framework\references\checkpoints.md","True"
"paul-framework\workflows\apply-phase.md","24","C:\Users\littl\Documents\Codex\2026-08-02\research-c-users-littl-agents-skills\work\evidence\christopherkahler-paul\install-smoke/paul-framework/references/loop-phases.md","static","C:\Users\littl\Documents\Codex\2026-08-02\research-c-users-littl-agents-skills\work\evidence\christopherkahler-paul\install-smoke\paul-framework\references\loop-phases.md","True"
"paul-framework\workflows\apply-phase.md","25","C:\Users\littl\Documents\Codex\2026-08-02\research-c-users-littl-agents-skills\work\evidence\christopherkahler-paul\install-smoke/paul-framework/references/quality-principles.md","static","C:\Users\littl\Documents\Codex\2026-08-02\research-c-users-littl-agents-skills\work\evidence\christopherkahler-paul\install-smoke\paul-framework\references\quality-principles.md","True"
"paul-framework\workflows\apply-phase.md","343","src/references/toml-sync.md","static","C:\Users\littl\Documents\Codex\2026-08-02\research-c-users-littl-agents-skills\work\evidence\christopherkahler-paul\install-smoke\src\references\toml-sync.md","False"
"paul-framework\workflows\audit-plan.md","18",".paul/STATE.md","dynamic_or_example",,
"paul-framework\workflows\audit-plan.md","19",".paul/config.md","dynamic_or_example",,
"paul-framework\workflows\audit-plan.md","20",".paul/phases/{phase}/{plan}-PLAN.md","dynamic_or_example",,
"paul-framework\workflows\complete-milestone.md","19",".paul/STATE.md","dynamic_or_example",,
"paul-framework\workflows\complete-milestone.md","20",".paul/PROJECT.md","dynamic_or_example",,
"paul-framework\workflows\complete-milestone.md","21",".paul/ROADMAP.md","dynamic_or_example",,
"paul-framework\workflows\complete-milestone.md","22",".paul/phases/{milestone-phases}/*-SUMMARY.md","dynamic_or_example",,
"paul-framework\workflows\complete-milestone.md","26","src/templates/MILESTONES.md","static","C:\Users\littl\Documents\Codex\2026-08-02\research-c-users-littl-agents-skills\work\evidence\christopherkahler-paul\install-smoke\src\templates\MILESTONES.md","False"
"paul-framework\workflows\complete-milestone.md","27","src/templates/milestone-archive.md","static","C:\Users\littl\Documents\Codex\2026-08-02\research-c-users-littl-agents-skills\work\evidence\christopherkahler-paul\install-smoke\src\templates\milestone-archive.md","False"
"paul-framework\workflows\complete-milestone.md","388","src/references/toml-sync.md","static","C:\Users\littl\Documents\Codex\2026-08-02\research-c-users-littl-agents-skills\work\evidence\christopherkahler-paul\install-smoke\src\references\toml-sync.md","False"
"paul-framework\workflows\configure-special-flows.md","18",".paul/PROJECT.md","dynamic_or_example",,
"paul-framework\workflows\configure-special-flows.md","19",".paul/SPECIAL-FLOWS.md","dynamic_or_example",,
"paul-framework\workflows\configure-special-flows.md","23","src/references/specialized-workflow-integration.md","static","C:\Users\littl\Documents\Codex\2026-08-02\research-c-users-littl-agents-skills\work\evidence\christopherkahler-paul\install-smoke\src\references\specialized-workflow-integration.md","False"
"paul-framework\workflows\configure-special-flows.md","24","src/templates/SPECIAL-FLOWS.md","static","C:\Users\littl\Documents\Codex\2026-08-02\research-c-users-littl-agents-skills\work\evidence\christopherkahler-paul\install-smoke\src\templates\SPECIAL-FLOWS.md","False"
"paul-framework\workflows\create-milestone.md","18",".paul/STATE.md","dynamic_or_example",,
"paul-framework\workflows\create-milestone.md","19",".paul/ROADMAP.md","dynamic_or_example",,
"paul-framework\workflows\create-milestone.md","20",".paul/MILESTONE-CONTEXT.md","dynamic_or_example",,
"paul-framework\workflows\create-milestone.md","24","src/templates/ROADMAP.md","static","C:\Users\littl\Documents\Codex\2026-08-02\research-c-users-littl-agents-skills\work\evidence\christopherkahler-paul\install-smoke\src\templates\ROADMAP.md","False"
"paul-framework\workflows\create-milestone.md","25","src/templates/milestone-context.md","static","C:\Users\littl\Documents\Codex\2026-08-02\research-c-users-littl-agents-skills\work\evidence\christopherkahler-paul\install-smoke\src\templates\milestone-context.md","False"
"paul-framework\workflows\create-milestone.md","172","src/references/toml-sync.md","static","C:\Users\littl\Documents\Codex\2026-08-02\research-c-users-littl-agents-skills\work\evidence\christopherkahler-paul\install-smoke\src\references\toml-sync.md","False"
"paul-framework\workflows\debug.md","25","src/templates/DEBUG.md","static","C:\Users\littl\Documents\Codex\2026-08-02\research-c-users-littl-agents-skills\work\evidence\christopherkahler-paul\install-smoke\src\templates\DEBUG.md","False"
"paul-framework\workflows\discovery.md","85","src/references/research-quality-control.md","static","C:\Users\littl\Documents\Codex\2026-08-02\research-c-users-littl-agents-skills\work\evidence\christopherkahler-paul\install-smoke\src\references\research-quality-control.md","False"
"paul-framework\workflows\discovery.md","91","src/templates/DISCOVERY.md","static","C:\Users\littl\Documents\Codex\2026-08-02\research-c-users-littl-agents-skills\work\evidence\christopherkahler-paul\install-smoke\src\templates\DISCOVERY.md","False"
"paul-framework\workflows\discuss-milestone.md","20",".paul/STATE.md","dynamic_or_example",,
"paul-framework\workflows\discuss-milestone.md","21",".paul/PROJECT.md","dynamic_or_example",,
"paul-framework\workflows\discuss-milestone.md","22",".paul/MILESTONES.md","dynamic_or_example",,
"paul-framework\workflows\discuss-milestone.md","26","src/templates/milestone-context.md","static","C:\Users\littl\Documents\Codex\2026-08-02\research-c-users-littl-agents-skills\work\evidence\christopherkahler-paul\install-smoke\src\templates\milestone-context.md","False"
"paul-framework\workflows\discuss-phase.md","22",".paul/STATE.md","dynamic_or_example",,
"paul-framework\workflows\discuss-phase.md","23",".paul/PROJECT.md","dynamic_or_example",,
"paul-framework\workflows\discuss-phase.md","24",".paul/ROADMAP.md","dynamic_or_example",,
"paul-framework\workflows\discuss-phase.md","28","src/templates/CONTEXT.md","static","C:\Users\littl\Documents\Codex\2026-08-02\research-c-users-littl-agents-skills\work\evidence\christopherkahler-paul\install-smoke\src\templates\CONTEXT.md","False"
"paul-framework\workflows\init-project.md","26","src/templates/config.md","static","C:\Users\littl\Documents\Codex\2026-08-02\research-c-users-littl-agents-skills\work\evidence\christopherkahler-paul\install-smoke\src\templates\config.md","False"
"paul-framework\workflows\init-project.md","27","src/templates/paul-toml.md","static","C:\Users\littl\Documents\Codex\2026-08-02\research-c-users-littl-agents-skills\work\evidence\christopherkahler-paul\install-smoke\src\templates\paul-toml.md","False"
"paul-framework\workflows\init-project.md","28","src/references/toml-sync.md","static","C:\Users\littl\Documents\Codex\2026-08-02\research-c-users-littl-agents-skills\work\evidence\christopherkahler-paul\install-smoke\src\references\toml-sync.md","False"
"paul-framework\workflows\init-project.md","29","src/references/sonarqube-integration.md","static","C:\Users\littl\Documents\Codex\2026-08-02\research-c-users-littl-agents-skills\work\evidence\christopherkahler-paul\install-smoke\src\references\sonarqube-integration.md","False"
"paul-framework\workflows\init-project.md","486","src/templates/paul-toml.md","static","C:\Users\littl\Documents\Codex\2026-08-02\research-c-users-littl-agents-skills\work\evidence\christopherkahler-paul\install-smoke\src\templates\paul-toml.md","False"
"paul-framework\workflows\init-project.md","486","src/references/toml-sync.md","static","C:\Users\littl\Documents\Codex\2026-08-02\research-c-users-littl-agents-skills\work\evidence\christopherkahler-paul\install-smoke\src\references\toml-sync.md","False"
"paul-framework\workflows\init-project.md","743","workflows/configure-special-flows.md","static","C:\Users\littl\Documents\Codex\2026-08-02\research-c-users-littl-agents-skills\work\evidence\christopherkahler-paul\install-smoke\paul-framework\workflows\configure-special-flows.md","True"
"paul-framework\workflows\map-codebase.md","22","src/templates/codebase/stack.md","static","C:\Users\littl\Documents\Codex\2026-08-02\research-c-users-littl-agents-skills\work\evidence\christopherkahler-paul\install-smoke\src\templates\codebase\stack.md","False"
"paul-framework\workflows\map-codebase.md","23","src/templates/codebase/architecture.md","static","C:\Users\littl\Documents\Codex\2026-08-02\research-c-users-littl-agents-skills\work\evidence\christopherkahler-paul\install-smoke\src\templates\codebase\architecture.md","False"
"paul-framework\workflows\map-codebase.md","24","src/templates/codebase/structure.md","static","C:\Users\littl\Documents\Codex\2026-08-02\research-c-users-littl-agents-skills\work\evidence\christopherkahler-paul\install-smoke\src\templates\codebase\structure.md","False"
"paul-framework\workflows\map-codebase.md","25","src/templates/codebase/conventions.md","static","C:\Users\littl\Documents\Codex\2026-08-02\research-c-users-littl-agents-skills\work\evidence\christopherkahler-paul\install-smoke\src\templates\codebase\conventions.md","False"
"paul-framework\workflows\map-codebase.md","26","src/templates/codebase/testing.md","static","C:\Users\littl\Documents\Codex\2026-08-02\research-c-users-littl-agents-skills\work\evidence\christopherkahler-paul\install-smoke\src\templates\codebase\testing.md","False"
"paul-framework\workflows\map-codebase.md","27","src/templates/codebase/integrations.md","static","C:\Users\littl\Documents\Codex\2026-08-02\research-c-users-littl-agents-skills\work\evidence\christopherkahler-paul\install-smoke\src\templates\codebase\integrations.md","False"
"paul-framework\workflows\map-codebase.md","28","src/templates/codebase/concerns.md","static","C:\Users\littl\Documents\Codex\2026-08-02\research-c-users-littl-agents-skills\work\evidence\christopherkahler-paul\install-smoke\src\templates\codebase\concerns.md","False"
"paul-framework\workflows\pause-work.md","17",".paul/STATE.md","dynamic_or_example",,
"paul-framework\workflows\pause-work.md","18",".paul/PROJECT.md","dynamic_or_example",,
"paul-framework\workflows\pause-work.md","22","C:\Users\littl\Documents\Codex\2026-08-02\research-c-users-littl-agents-skills\work\evidence\christopherkahler-paul\install-smoke/paul-framework/references/context-management.md","static","C:\Users\littl\Documents\Codex\2026-08-02\research-c-users-littl-agents-skills\work\evidence\christopherkahler-paul\install-smoke\paul-framework\references\context-management.md","True"
"paul-framework\workflows\pause-work.md","23","C:\Users\littl\Documents\Codex\2026-08-02\research-c-users-littl-agents-skills\work\evidence\christopherkahler-paul\install-smoke/paul-framework/templates/HANDOFF.md","static","C:\Users\littl\Documents\Codex\2026-08-02\research-c-users-littl-agents-skills\work\evidence\christopherkahler-paul\install-smoke\paul-framework\templates\HANDOFF.md","True"
"paul-framework\workflows\plan-phase.md","19",".paul/STATE.md","dynamic_or_example",,
"paul-framework\workflows\plan-phase.md","20",".paul/ROADMAP.md","dynamic_or_example",,
"paul-framework\workflows\plan-phase.md","21",".paul/PROJECT.md","dynamic_or_example",,
"paul-framework\workflows\plan-phase.md","22",".paul/phases/{prior-phase}/{plan}-SUMMARY.md","dynamic_or_example",,
"paul-framework\workflows\plan-phase.md","26","C:\Users\littl\Documents\Codex\2026-08-02\research-c-users-littl-agents-skills\work\evidence\christopherkahler-paul\install-smoke/paul-framework/references/plan-format.md","static","C:\Users\littl\Documents\Codex\2026-08-02\research-c-users-littl-agents-skills\work\evidence\christopherkahler-paul\install-smoke\paul-framework\references\plan-format.md","True"
"paul-framework\workflows\plan-phase.md","27","C:\Users\littl\Documents\Codex\2026-08-02\research-c-users-littl-agents-skills\work\evidence\christopherkahler-paul\install-smoke/paul-framework/references/checkpoints.md","static","C:\Users\littl\Documents\Codex\2026-08-02\research-c-users-littl-agents-skills\work\evidence\christopherkahler-paul\install-smoke\paul-framework\references\checkpoints.md","True"
"paul-framework\workflows\plan-phase.md","28","C:\Users\littl\Documents\Codex\2026-08-02\research-c-users-littl-agents-skills\work\evidence\christopherkahler-paul\install-smoke/paul-framework/templates/PLAN.md","static","C:\Users\littl\Documents\Codex\2026-08-02\research-c-users-littl-agents-skills\work\evidence\christopherkahler-paul\install-smoke\paul-framework\templates\PLAN.md","True"
"paul-framework\workflows\plan-phase.md","164",".paul/PROJECT.md","dynamic_or_example",,
"paul-framework\workflows\plan-phase.md","165","relevant/source/file","dynamic_or_example",,
"paul-framework\workflows\plan-phase.md","374","src/references/toml-sync.md","static","C:\Users\littl\Documents\Codex\2026-08-02\research-c-users-littl-agents-skills\work\evidence\christopherkahler-paul\install-smoke\src\references\toml-sync.md","False"
"paul-framework\workflows\quality-gate.md","26","src/references/sonarqube-integration.md","static","C:\Users\littl\Documents\Codex\2026-08-02\research-c-users-littl-agents-skills\work\evidence\christopherkahler-paul\install-smoke\src\references\sonarqube-integration.md","False"
"paul-framework\workflows\quality-gate.md","27","src/templates/config.md","static","C:\Users\littl\Documents\Codex\2026-08-02\research-c-users-littl-agents-skills\work\evidence\christopherkahler-paul\install-smoke\src\templates\config.md","False"
"paul-framework\workflows\quality-gate.md","28","src/templates/codebase/concerns.md","static","C:\Users\littl\Documents\Codex\2026-08-02\research-c-users-littl-agents-skills\work\evidence\christopherkahler-paul\install-smoke\src\templates\codebase\concerns.md","False"
"paul-framework\workflows\register-manifest.md","12","src/references/toml-sync.md","static","C:\Users\littl\Documents\Codex\2026-08-02\research-c-users-littl-agents-skills\work\evidence\christopherkahler-paul\install-smoke\src\references\toml-sync.md","False"
"paul-framework\workflows\register-manifest.md","13","src/templates/paul-toml.md","static","C:\Users\littl\Documents\Codex\2026-08-02\research-c-users-littl-agents-skills\work\evidence\christopherkahler-paul\install-smoke\src\templates\paul-toml.md","False"
"paul-framework\workflows\register-manifest.md","14","src/templates/ledger-toml.md","static","C:\Users\littl\Documents\Codex\2026-08-02\research-c-users-littl-agents-skills\work\evidence\christopherkahler-paul\install-smoke\src\templates\ledger-toml.md","False"
"paul-framework\workflows\register-manifest.md","69","src/references/toml-sync.md","static","C:\Users\littl\Documents\Codex\2026-08-02\research-c-users-littl-agents-skills\work\evidence\christopherkahler-paul\install-smoke\src\references\toml-sync.md","False"
"paul-framework\workflows\register-manifest.md","83","src/templates/paul-toml.md","static","C:\Users\littl\Documents\Codex\2026-08-02\research-c-users-littl-agents-skills\work\evidence\christopherkahler-paul\install-smoke\src\templates\paul-toml.md","False"
"paul-framework\workflows\research.md","22","C:\Users\littl\Documents\Codex\2026-08-02\research-c-users-littl-agents-skills\work\evidence\christopherkahler-paul\install-smoke/paul-framework/references/subagent-criteria.md","static","C:\Users\littl\Documents\Codex\2026-08-02\research-c-users-littl-agents-skills\work\evidence\christopherkahler-paul\install-smoke\paul-framework\references\subagent-criteria.md","True"
"paul-framework\workflows\research.md","26","src/templates/RESEARCH.md","static","C:\Users\littl\Documents\Codex\2026-08-02\research-c-users-littl-agents-skills\work\evidence\christopherkahler-paul\install-smoke\src\templates\RESEARCH.md","False"
"paul-framework\workflows\resume-project.md","25",".paul/STATE.md","dynamic_or_example",,
"paul-framework\workflows\resume-project.md","29","C:\Users\littl\Documents\Codex\2026-08-02\research-c-users-littl-agents-skills\work\evidence\christopherkahler-paul\install-smoke/paul-framework/references/context-management.md","static","C:\Users\littl\Documents\Codex\2026-08-02\research-c-users-littl-agents-skills\work\evidence\christopherkahler-paul\install-smoke\paul-framework\references\context-management.md","True"
"paul-framework\workflows\resume-project.md","30","C:\Users\littl\Documents\Codex\2026-08-02\research-c-users-littl-agents-skills\work\evidence\christopherkahler-paul\install-smoke/paul-framework/references/loop-phases.md","static","C:\Users\littl\Documents\Codex\2026-08-02\research-c-users-littl-agents-skills\work\evidence\christopherkahler-paul\install-smoke\paul-framework\references\loop-phases.md","True"
"paul-framework\workflows\roadmap-management.md","22",".paul/ROADMAP.md","dynamic_or_example",,
"paul-framework\workflows\roadmap-management.md","23",".paul/STATE.md","dynamic_or_example",,
"paul-framework\workflows\roadmap-management.md","27","src/templates/ROADMAP.md","static","C:\Users\littl\Documents\Codex\2026-08-02\research-c-users-littl-agents-skills\work\evidence\christopherkahler-paul\install-smoke\src\templates\ROADMAP.md","False"
"paul-framework\workflows\transition-phase.md","15",".paul/STATE.md","dynamic_or_example",,
"paul-framework\workflows\transition-phase.md","16",".paul/PROJECT.md","dynamic_or_example",,
"paul-framework\workflows\transition-phase.md","17",".paul/ROADMAP.md","dynamic_or_example",,
"paul-framework\workflows\transition-phase.md","18",".paul/phases/{current-phase}/*-SUMMARY.md","dynamic_or_example",,
"paul-framework\workflows\transition-phase.md","157","src/references/toml-sync.md","static","C:\Users\littl\Documents\Codex\2026-08-02\research-c-users-littl-agents-skills\work\evidence\christopherkahler-paul\install-smoke\src\references\toml-sync.md","False"
"paul-framework\workflows\unify-phase.md","18",".paul/STATE.md","dynamic_or_example",,
"paul-framework\workflows\unify-phase.md","19",".paul/phases/{phase}/{plan}-PLAN.md","dynamic_or_example",,
"paul-framework\workflows\unify-phase.md","23","C:\Users\littl\Documents\Codex\2026-08-02\research-c-users-littl-agents-skills\work\evidence\christopherkahler-paul\install-smoke/paul-framework/references/loop-phases.md","static","C:\Users\littl\Documents\Codex\2026-08-02\research-c-users-littl-agents-skills\work\evidence\christopherkahler-paul\install-smoke\paul-framework\references\loop-phases.md","True"
"paul-framework\workflows\unify-phase.md","24","C:\Users\littl\Documents\Codex\2026-08-02\research-c-users-littl-agents-skills\work\evidence\christopherkahler-paul\install-smoke/paul-framework/templates/SUMMARY.md","static","C:\Users\littl\Documents\Codex\2026-08-02\research-c-users-littl-agents-skills\work\evidence\christopherkahler-paul\install-smoke\paul-framework\templates\SUMMARY.md","True"
"paul-framework\workflows\unify-phase.md","25","C:\Users\littl\Documents\Codex\2026-08-02\research-c-users-littl-agents-skills\work\evidence\christopherkahler-paul\install-smoke/paul-framework/workflows/transition-phase.md","static","C:\Users\littl\Documents\Codex\2026-08-02\research-c-users-littl-agents-skills\work\evidence\christopherkahler-paul\install-smoke\paul-framework\workflows\transition-phase.md","True"
"paul-framework\workflows\unify-phase.md","88","references/specialized-workflow-integration.md","static","C:\Users\littl\Documents\Codex\2026-08-02\research-c-users-littl-agents-skills\work\evidence\christopherkahler-paul\install-smoke\paul-framework\references\specialized-workflow-integration.md","True"
"paul-framework\workflows\unify-phase.md","184","src/references/toml-sync.md","static","C:\Users\littl\Documents\Codex\2026-08-02\research-c-users-littl-agents-skills\work\evidence\christopherkahler-paul\install-smoke\src\references\toml-sync.md","False"
"paul-framework\workflows\unify-phase.md","257","C:\Users\littl\Documents\Codex\2026-08-02\research-c-users-littl-agents-skills\work\evidence\christopherkahler-paul\install-smoke/paul-framework/workflows/transition-phase.md","static","C:\Users\littl\Documents\Codex\2026-08-02\research-c-users-littl-agents-skills\work\evidence\christopherkahler-paul\install-smoke\paul-framework\workflows\transition-phase.md","True"
"paul-framework\workflows\verify-work.md","8","src/templates/UAT-ISSUES.md","static","C:\Users\littl\Documents\Codex\2026-08-02\research-c-users-littl-agents-skills\work\evidence\christopherkahler-paul\install-smoke\src\templates\UAT-ISSUES.md","False"
"paul-framework\workflows\verify-work.md","135","src/templates/UAT-ISSUES.md","static","C:\Users\littl\Documents\Codex\2026-08-02\research-c-users-littl-agents-skills\work\evidence\christopherkahler-paul\install-smoke\src\templates\UAT-ISSUES.md","False"
