"Path","Category","AnalysisStatus","Evidence","Notes"
".gitignore","source_or_other","analyzed","C:\Users\littl\Documents\Codex\2026-08-02\research-c-users-littl-agents-skills\outputs\04-christopherkahler-paul.md","SHA-256 4B5194A307C9B46DF006F518B948CCB3CD925B4691F276A7AF068D6B582F1297; covered by the pinned full-file census and the report's exhaustive semantic traversal."
"bin/install.js","executable_source","analyzed","C:\Users\littl\Documents\Codex\2026-08-02\research-c-users-littl-agents-skills\outputs\04-christopherkahler-paul.md","SHA-256 7AB650A4B8506667F3C2796E6FD7256215D0FDEC1120E4E3728FEEE4763F1288; covered by the pinned full-file census and the report's exhaustive semantic traversal."
"IDEATION.md","documentation","analyzed","C:\Users\littl\Documents\Codex\2026-08-02\research-c-users-littl-agents-skills\outputs\04-christopherkahler-paul.md","SHA-256 E4F286640DA97867D75FAED1EFD8C6D998A268D795803AE5AA02927F9E41F0AD; covered by the pinned full-file census and the report's exhaustive semantic traversal."
"LICENSE","source_or_other","analyzed","C:\Users\littl\Documents\Codex\2026-08-02\research-c-users-littl-agents-skills\outputs\04-christopherkahler-paul.md","SHA-256 E65AD792EA8ED4C3985E155EE5E91EFD6F71732CC1AA077EFAA5F0B018C9CE52; covered by the pinned full-file census and the report's exhaustive semantic traversal."
"package.json","configuration_or_data","analyzed","C:\Users\littl\Documents\Codex\2026-08-02\research-c-users-littl-agents-skills\outputs\04-christopherkahler-paul.md","SHA-256 1C098FDF343D2CEF052400EF831E94D1F29AB0B46413F7C8FC2022239AC8B466; covered by the pinned full-file census and the report's exhaustive semantic traversal."
"PAUL-VS-GSD.md","documentation","analyzed","C:\Users\littl\Documents\Codex\2026-08-02\research-c-users-littl-agents-skills\outputs\04-christopherkahler-paul.md","SHA-256 9E46DA084DF85D4324C9B1D9D79EC239D11910F0E9A0553B83B9FEF82DA84B1D; covered by the pinned full-file census and the report's exhaustive semantic traversal."
"README.md","documentation","analyzed","C:\Users\littl\Documents\Codex\2026-08-02\research-c-users-littl-agents-skills\outputs\04-christopherkahler-paul.md","SHA-256 16011BE09210BBE635A50B4A5D27264DE64AF0AA40147BCCA40835A698B8E507; covered by the pinned full-file census and the report's exhaustive semantic traversal."
"src/carl/PAUL","source_or_other","analyzed","C:\Users\littl\Documents\Codex\2026-08-02\research-c-users-littl-agents-skills\outputs\04-christopherkahler-paul.md","SHA-256 9DF322C2CD2E4BA3FA61CF1213D36FBFF658AF9B99781F7BC29A3F57F78085D7; covered by the pinned full-file census and the report's exhaustive semantic traversal."
"src/carl/PAUL.manifest","source_or_other","analyzed","C:\Users\littl\Documents\Codex\2026-08-02\research-c-users-littl-agents-skills\outputs\04-christopherkahler-paul.md","SHA-256 4D0777BAC173664C780B03095113DAC9CCB10A15C31341867936E11F05621B4D; covered by the pinned full-file census and the report's exhaustive semantic traversal."
"src/commands/add-phase.md","orchestration_asset","analyzed","C:\Users\littl\Documents\Codex\2026-08-02\research-c-users-littl-agents-skills\outputs\04-christopherkahler-paul.md","SHA-256 4F8B7BC209FB43E35EEF2DAAFE55A9D6FE04B52964D2A4ADF3C3FFA4BD16DB46; covered by the pinned full-file census and the report's exhaustive semantic traversal."
"src/commands/apply.md","orchestration_asset","analyzed","C:\Users\littl\Documents\Codex\2026-08-02\research-c-users-littl-agents-skills\outputs\04-christopherkahler-paul.md","SHA-256 16E1405B23B15BAEDA4D3BD9BD741932FD518D8C1009C29426298936E42FA6F4; covered by the pinned full-file census and the report's exhaustive semantic traversal."
"src/commands/assumptions.md","orchestration_asset","analyzed","C:\Users\littl\Documents\Codex\2026-08-02\research-c-users-littl-agents-skills\outputs\04-christopherkahler-paul.md","SHA-256 7450E567510C37EE0B678F6C856F5336132720B0E995EFAC0E0F414E9DF8AA85; covered by the pinned full-file census and the report's exhaustive semantic traversal."
"src/commands/audit.md","orchestration_asset","analyzed","C:\Users\littl\Documents\Codex\2026-08-02\research-c-users-littl-agents-skills\outputs\04-christopherkahler-paul.md","SHA-256 F2628E4C3D5A946101A54F8406F4328AD902E06A0558BC18DEA219A4F0940021; covered by the pinned full-file census and the report's exhaustive semantic traversal."
"src/commands/complete-milestone.md","orchestration_asset","analyzed","C:\Users\littl\Documents\Codex\2026-08-02\research-c-users-littl-agents-skills\outputs\04-christopherkahler-paul.md","SHA-256 5B5E87176B1F160A81AC6BF7BC28B1CFA6490BF0EB6671100F12FC741D913958; covered by the pinned full-file census and the report's exhaustive semantic traversal."
"src/commands/config.md","orchestration_asset","analyzed","C:\Users\littl\Documents\Codex\2026-08-02\research-c-users-littl-agents-skills\outputs\04-christopherkahler-paul.md","SHA-256 F017A19707D9B1A7A64BC38B80B92C948C01866E3E8532D184716EDF35D86634; covered by the pinned full-file census and the report's exhaustive semantic traversal."
"src/commands/consider-issues.md","orchestration_asset","analyzed","C:\Users\littl\Documents\Codex\2026-08-02\research-c-users-littl-agents-skills\outputs\04-christopherkahler-paul.md","SHA-256 08653315645258BB3D1E852CBB66B9A8154DE7DD2C4F724CCA6B3112F44E95F8; covered by the pinned full-file census and the report's exhaustive semantic traversal."
"src/commands/discover.md","orchestration_asset","analyzed","C:\Users\littl\Documents\Codex\2026-08-02\research-c-users-littl-agents-skills\outputs\04-christopherkahler-paul.md","SHA-256 184E56894F1624A525326A709FF8F8AF17A79DAA785C34EFC4D9C702176F311F; covered by the pinned full-file census and the report's exhaustive semantic traversal."
"src/commands/discuss-milestone.md","orchestration_asset","analyzed","C:\Users\littl\Documents\Codex\2026-08-02\research-c-users-littl-agents-skills\outputs\04-christopherkahler-paul.md","SHA-256 52F0D4C685AEAF2B25BA1140DCD797CB342E0CE305AAFE222649ED9D08589E48; covered by the pinned full-file census and the report's exhaustive semantic traversal."
"src/commands/discuss.md","orchestration_asset","analyzed","C:\Users\littl\Documents\Codex\2026-08-02\research-c-users-littl-agents-skills\outputs\04-christopherkahler-paul.md","SHA-256 B72C8DCB950AB8B114A18B6FCE2D0D487E69A9E1049BA02024F5AEED15FFB640; covered by the pinned full-file census and the report's exhaustive semantic traversal."
"src/commands/flows.md","orchestration_asset","analyzed","C:\Users\littl\Documents\Codex\2026-08-02\research-c-users-littl-agents-skills\outputs\04-christopherkahler-paul.md","SHA-256 CD4B81273EC98DD1F2B19A89EF61F71020C5BF674ECD606991D3D89FA493D412; covered by the pinned full-file census and the report's exhaustive semantic traversal."
"src/commands/handoff.md","orchestration_asset","analyzed","C:\Users\littl\Documents\Codex\2026-08-02\research-c-users-littl-agents-skills\outputs\04-christopherkahler-paul.md","SHA-256 568853F04F5120E8FBA1354448EF4D3A0FAA9CA48A49A7F99139B233097C459C; covered by the pinned full-file census and the report's exhaustive semantic traversal."
"src/commands/help.md","orchestration_asset","analyzed","C:\Users\littl\Documents\Codex\2026-08-02\research-c-users-littl-agents-skills\outputs\04-christopherkahler-paul.md","SHA-256 35E616A406E5458E323DD2A039F6766B1B0F8BC262CDC9C026A6177826F61701; covered by the pinned full-file census and the report's exhaustive semantic traversal."
"src/commands/init.md","orchestration_asset","analyzed","C:\Users\littl\Documents\Codex\2026-08-02\research-c-users-littl-agents-skills\outputs\04-christopherkahler-paul.md","SHA-256 59D24BA75D6A149288D3A7D666D29A336BEB89F6583864484CDE37DC6C959A3A; covered by the pinned full-file census and the report's exhaustive semantic traversal."
"src/commands/map-codebase.md","orchestration_asset","analyzed","C:\Users\littl\Documents\Codex\2026-08-02\research-c-users-littl-agents-skills\outputs\04-christopherkahler-paul.md","SHA-256 CD9485B4781D0E0FE923FFA05363DD31428C196397EF15A32D812C86D0ECEF4C; covered by the pinned full-file census and the report's exhaustive semantic traversal."
"src/commands/milestone.md","orchestration_asset","analyzed","C:\Users\littl\Documents\Codex\2026-08-02\research-c-users-littl-agents-skills\outputs\04-christopherkahler-paul.md","SHA-256 3A723D60645A530B48DF68580BAA3A2476D2C01AD3AF96F7C6AE53EB0B66EB7A; covered by the pinned full-file census and the report's exhaustive semantic traversal."
"src/commands/pause.md","orchestration_asset","analyzed","C:\Users\littl\Documents\Codex\2026-08-02\research-c-users-littl-agents-skills\outputs\04-christopherkahler-paul.md","SHA-256 27485195F6F1378B1F879D26FF54E7CB5F79AA9E8FC244989159702E774F1E31; covered by the pinned full-file census and the report's exhaustive semantic traversal."
"src/commands/plan-fix.md","orchestration_asset","analyzed","C:\Users\littl\Documents\Codex\2026-08-02\research-c-users-littl-agents-skills\outputs\04-christopherkahler-paul.md","SHA-256 DDC355CE1E5EF40333B54D816A3FFF96735C2CCB50CD8CD4881EF1AE2B790E80; covered by the pinned full-file census and the report's exhaustive semantic traversal."
"src/commands/plan.md","orchestration_asset","analyzed","C:\Users\littl\Documents\Codex\2026-08-02\research-c-users-littl-agents-skills\outputs\04-christopherkahler-paul.md","SHA-256 540EB766CFC106E6ACB93817358A640245BA7C5C2DD4257B8DA020F76185D2D6; covered by the pinned full-file census and the report's exhaustive semantic traversal."
"src/commands/progress.md","orchestration_asset","analyzed","C:\Users\littl\Documents\Codex\2026-08-02\research-c-users-littl-agents-skills\outputs\04-christopherkahler-paul.md","SHA-256 6399CD140B386BF8A3CB3C00F51619501782827D2375AC4CB4871151D203592F; covered by the pinned full-file census and the report's exhaustive semantic traversal."
"src/commands/register.md","orchestration_asset","analyzed","C:\Users\littl\Documents\Codex\2026-08-02\research-c-users-littl-agents-skills\outputs\04-christopherkahler-paul.md","SHA-256 E8D2E602D51B38D58C3CFFE4BE3190CB7963B327A0BF21E07035B4F505DAC5D3; covered by the pinned full-file census and the report's exhaustive semantic traversal."
"src/commands/remove-phase.md","orchestration_asset","analyzed","C:\Users\littl\Documents\Codex\2026-08-02\research-c-users-littl-agents-skills\outputs\04-christopherkahler-paul.md","SHA-256 EE59529BD22470F9284DAB912BF4B6B59272AFF255A5D89F70AA5CCF4FD32823; covered by the pinned full-file census and the report's exhaustive semantic traversal."
"src/commands/research-phase.md","orchestration_asset","analyzed","C:\Users\littl\Documents\Codex\2026-08-02\research-c-users-littl-agents-skills\outputs\04-christopherkahler-paul.md","SHA-256 AA9A8B65D50426969954B2E702D0BD7DACA4A87A544842B3E6ACCDDEEB6695DE; covered by the pinned full-file census and the report's exhaustive semantic traversal."
"src/commands/research.md","orchestration_asset","analyzed","C:\Users\littl\Documents\Codex\2026-08-02\research-c-users-littl-agents-skills\outputs\04-christopherkahler-paul.md","SHA-256 31FFF417E38F21810DFA2FE83B708611ACA935137F4D505D94B8B103E618C12E; covered by the pinned full-file census and the report's exhaustive semantic traversal."
"src/commands/resume.md","orchestration_asset","analyzed","C:\Users\littl\Documents\Codex\2026-08-02\research-c-users-littl-agents-skills\outputs\04-christopherkahler-paul.md","SHA-256 32B99E06620BEEA31C6414230328A68685C83139B3423718D3324C5F10B93D14; covered by the pinned full-file census and the report's exhaustive semantic traversal."
"src/commands/status.md","orchestration_asset","analyzed","C:\Users\littl\Documents\Codex\2026-08-02\research-c-users-littl-agents-skills\outputs\04-christopherkahler-paul.md","SHA-256 AF57570DF89DE3F38380373F4B7B2729BCB411EE3C72F89248AD25FF8D7AD9D3; covered by the pinned full-file census and the report's exhaustive semantic traversal."
"src/commands/unify.md","orchestration_asset","analyzed","C:\Users\littl\Documents\Codex\2026-08-02\research-c-users-littl-agents-skills\outputs\04-christopherkahler-paul.md","SHA-256 2CB3B051492B6A0638B1354A8D7BCD48AD316DF964304A8DCEB0FB44FF584B1B; covered by the pinned full-file census and the report's exhaustive semantic traversal."
"src/commands/verify.md","orchestration_asset","analyzed","C:\Users\littl\Documents\Codex\2026-08-02\research-c-users-littl-agents-skills\outputs\04-christopherkahler-paul.md","SHA-256 A38A7A6A38190A80435B02AFBAB86FA7B25363D7C476DB9646E557686D62C32D; covered by the pinned full-file census and the report's exhaustive semantic traversal."
"src/references/checkpoints.md","documentation","analyzed","C:\Users\littl\Documents\Codex\2026-08-02\research-c-users-littl-agents-skills\outputs\04-christopherkahler-paul.md","SHA-256 5763E3E1D81186B25CFF1630C7C691E47F31727DB4BEA3A949C472A58055558D; covered by the pinned full-file census and the report's exhaustive semantic traversal."
"src/references/context-management.md","documentation","analyzed","C:\Users\littl\Documents\Codex\2026-08-02\research-c-users-littl-agents-skills\outputs\04-christopherkahler-paul.md","SHA-256 71376DDEB30008C86CAA732BA751E33099642D679AB0CE84D5FA614442CE4FA8; covered by the pinned full-file census and the report's exhaustive semantic traversal."
"src/references/extension-points.md","documentation","analyzed","C:\Users\littl\Documents\Codex\2026-08-02\research-c-users-littl-agents-skills\outputs\04-christopherkahler-paul.md","SHA-256 B9BD6BEB40BB4B54AF4666CE8DF6679799136B6F7149BAF27BE8659E2BFE0F41; covered by the pinned full-file census and the report's exhaustive semantic traversal."
"src/references/git-strategy.md","documentation","analyzed","C:\Users\littl\Documents\Codex\2026-08-02\research-c-users-littl-agents-skills\outputs\04-christopherkahler-paul.md","SHA-256 B2E72E6F7318B9A7BB24E6A2E282E4E59AAF039E88C0299A45566DDEC35E5351; covered by the pinned full-file census and the report's exhaustive semantic traversal."
"src/references/loop-phases.md","documentation","analyzed","C:\Users\littl\Documents\Codex\2026-08-02\research-c-users-littl-agents-skills\outputs\04-christopherkahler-paul.md","SHA-256 F874B7C5EA476E9DB80D77040FA48AAFC6565EA884C65B279F8B36C99B7C7E3F; covered by the pinned full-file census and the report's exhaustive semantic traversal."
"src/references/plan-format.md","documentation","analyzed","C:\Users\littl\Documents\Codex\2026-08-02\research-c-users-littl-agents-skills\outputs\04-christopherkahler-paul.md","SHA-256 3F34D4E2E91B2E42DBABE2398E21A34FE90D4C83FD52469D6CAB899016FB678E; covered by the pinned full-file census and the report's exhaustive semantic traversal."
"src/references/quality-principles.md","documentation","analyzed","C:\Users\littl\Documents\Codex\2026-08-02\research-c-users-littl-agents-skills\outputs\04-christopherkahler-paul.md","SHA-256 08CC965D6E8F47851CC094CB9BEC7E4878BDD44018156346D39FAFB2AED93DCB; covered by the pinned full-file census and the report's exhaustive semantic traversal."
"src/references/research-quality-control.md","documentation","analyzed","C:\Users\littl\Documents\Codex\2026-08-02\research-c-users-littl-agents-skills\outputs\04-christopherkahler-paul.md","SHA-256 D1E35B29125BD2FC9E1B2BB339E9E5EF06CCE9A9AFB652D97DABB8B6BA510F20; covered by the pinned full-file census and the report's exhaustive semantic traversal."
"src/references/sonarqube-integration.md","documentation","analyzed","C:\Users\littl\Documents\Codex\2026-08-02\research-c-users-littl-agents-skills\outputs\04-christopherkahler-paul.md","SHA-256 F42C5EEA17394CC065D358C616D48FF51009490B2966FBFDB95CC27AFEA1B1E8; covered by the pinned full-file census and the report's exhaustive semantic traversal."
"src/references/specialized-workflow-integration.md","documentation","analyzed","C:\Users\littl\Documents\Codex\2026-08-02\research-c-users-littl-agents-skills\outputs\04-christopherkahler-paul.md","SHA-256 7F7200FAF2F69B78349C4E17059747A73D51AC100727326C2E286687B87E82F5; covered by the pinned full-file census and the report's exhaustive semantic traversal."
"src/references/subagent-criteria.md","documentation","analyzed","C:\Users\littl\Documents\Codex\2026-08-02\research-c-users-littl-agents-skills\outputs\04-christopherkahler-paul.md","SHA-256 9193F2E7EAC2E40E77CA6209DCD1A2A673763589BEDFF26EB181A71B42A69232; covered by the pinned full-file census and the report's exhaustive semantic traversal."
"src/references/tdd.md","documentation","analyzed","C:\Users\littl\Documents\Codex\2026-08-02\research-c-users-littl-agents-skills\outputs\04-christopherkahler-paul.md","SHA-256 DE1EFB78FD8748B212890CFDA2B2162F44C8E2F165A9074B25F6AF9513BB91B5; covered by the pinned full-file census and the report's exhaustive semantic traversal."
"src/references/toml-sync.md","documentation","analyzed","C:\Users\littl\Documents\Codex\2026-08-02\research-c-users-littl-agents-skills\outputs\04-christopherkahler-paul.md","SHA-256 9A3B87D08016FC2EAA0E67BE45286D1D6BC724A0482DB1F6B09C59D37813B8E2; covered by the pinned full-file census and the report's exhaustive semantic traversal."
"src/references/work-units.md","documentation","analyzed","C:\Users\littl\Documents\Codex\2026-08-02\research-c-users-littl-agents-skills\outputs\04-christopherkahler-paul.md","SHA-256 04A36BC8DE55F7B5C3EF3CB5CD74F4295A10DC00BE8FD1643D8EBA93162BC35E; covered by the pinned full-file census and the report's exhaustive semantic traversal."
"src/rules/commands.md","documentation","analyzed","C:\Users\littl\Documents\Codex\2026-08-02\research-c-users-littl-agents-skills\outputs\04-christopherkahler-paul.md","SHA-256 54C911F984C1574DEF29F71605AF1835C451EE19CEDDF4ABF78597BB75DCDDF0; covered by the pinned full-file census and the report's exhaustive semantic traversal."
"src/rules/references.md","documentation","analyzed","C:\Users\littl\Documents\Codex\2026-08-02\research-c-users-littl-agents-skills\outputs\04-christopherkahler-paul.md","SHA-256 214ADED8443B0A9BA14D033D9335232D535896A8113C3BD0685D475D04E3B9C2; covered by the pinned full-file census and the report's exhaustive semantic traversal."
"src/rules/style.md","documentation","analyzed","C:\Users\littl\Documents\Codex\2026-08-02\research-c-users-littl-agents-skills\outputs\04-christopherkahler-paul.md","SHA-256 70E1DAA31B3E9B9C8820F870849324EAA64443703998445E01DCA7F5D0E8675C; covered by the pinned full-file census and the report's exhaustive semantic traversal."
"src/rules/templates.md","documentation","analyzed","C:\Users\littl\Documents\Codex\2026-08-02\research-c-users-littl-agents-skills\outputs\04-christopherkahler-paul.md","SHA-256 84D25224489E8E6AE0D300F1B886C628DEA9A186FD959B834E4E49322E57BFC9; covered by the pinned full-file census and the report's exhaustive semantic traversal."
"src/rules/workflows.md","documentation","analyzed","C:\Users\littl\Documents\Codex\2026-08-02\research-c-users-littl-agents-skills\outputs\04-christopherkahler-paul.md","SHA-256 444667DAD0453CF01F380F540BC8656C13E4CF0FD26F2B57D3CA2113E65507F5; covered by the pinned full-file census and the report's exhaustive semantic traversal."
"src/templates/codebase/architecture.md","orchestration_asset","analyzed","C:\Users\littl\Documents\Codex\2026-08-02\research-c-users-littl-agents-skills\outputs\04-christopherkahler-paul.md","SHA-256 D4415B8A8459D2F5AF9A1F2A374332FDB6DF088F91C26141FB088E0F877F052C; covered by the pinned full-file census and the report's exhaustive semantic traversal."
"src/templates/codebase/concerns.md","orchestration_asset","analyzed","C:\Users\littl\Documents\Codex\2026-08-02\research-c-users-littl-agents-skills\outputs\04-christopherkahler-paul.md","SHA-256 D473D551B2CBD15CFE2D897A5F92600A4899BFA1C5F9619707CDA875BF686AAF; covered by the pinned full-file census and the report's exhaustive semantic traversal."
"src/templates/codebase/conventions.md","orchestration_asset","analyzed","C:\Users\littl\Documents\Codex\2026-08-02\research-c-users-littl-agents-skills\outputs\04-christopherkahler-paul.md","SHA-256 8D63CAF7E122FF9D45B5706E9C1E9BCF5A594CF8CCE947939366734FDFC1DF86; covered by the pinned full-file census and the report's exhaustive semantic traversal."
"src/templates/codebase/integrations.md","orchestration_asset","analyzed","C:\Users\littl\Documents\Codex\2026-08-02\research-c-users-littl-agents-skills\outputs\04-christopherkahler-paul.md","SHA-256 122AF04FFFBF8EB8049E0356AA1EEFE519FD95AB57BD3B65F94D7D205CBF0899; covered by the pinned full-file census and the report's exhaustive semantic traversal."
"src/templates/codebase/stack.md","orchestration_asset","analyzed","C:\Users\littl\Documents\Codex\2026-08-02\research-c-users-littl-agents-skills\outputs\04-christopherkahler-paul.md","SHA-256 656FF82DE9C0481E9D080CE0B6A0B1CA361046FAE35D3B4C8290A7A7A70EB44A; covered by the pinned full-file census and the report's exhaustive semantic traversal."
"src/templates/codebase/structure.md","orchestration_asset","analyzed","C:\Users\littl\Documents\Codex\2026-08-02\research-c-users-littl-agents-skills\outputs\04-christopherkahler-paul.md","SHA-256 0BA0E9F7D78078D14387DC51CB32B2063FAD427DDBD9BDE904925F712D2DCB4F; covered by the pinned full-file census and the report's exhaustive semantic traversal."
"src/templates/codebase/testing.md","orchestration_asset","analyzed","C:\Users\littl\Documents\Codex\2026-08-02\research-c-users-littl-agents-skills\outputs\04-christopherkahler-paul.md","SHA-256 5FB2CEA88EDC18B413A6ABB6F2C069CF478E20202E839D9648ABF8071F77AA78; covered by the pinned full-file census and the report's exhaustive semantic traversal."
"src/templates/config.md","orchestration_asset","analyzed","C:\Users\littl\Documents\Codex\2026-08-02\research-c-users-littl-agents-skills\outputs\04-christopherkahler-paul.md","SHA-256 3B82A8EAA82253F46A8B8184D38EAC1FB0145670BB689A59CC26AE9E7716B9E2; covered by the pinned full-file census and the report's exhaustive semantic traversal."
"src/templates/CONTEXT.md","orchestration_asset","analyzed","C:\Users\littl\Documents\Codex\2026-08-02\research-c-users-littl-agents-skills\outputs\04-christopherkahler-paul.md","SHA-256 6A3941696CDA59B480ABC0EBE5A53630F17BD436E72FF66F10E3F1E2E3F13E84; covered by the pinned full-file census and the report's exhaustive semantic traversal."
"src/templates/DEBUG.md","orchestration_asset","analyzed","C:\Users\littl\Documents\Codex\2026-08-02\research-c-users-littl-agents-skills\outputs\04-christopherkahler-paul.md","SHA-256 2C3C4FAADF1FC8F45980A2DB5B18288061D8022F72F7420BC4F733E9ECCE6C3D; covered by the pinned full-file census and the report's exhaustive semantic traversal."
"src/templates/DISCOVERY.md","orchestration_asset","analyzed","C:\Users\littl\Documents\Codex\2026-08-02\research-c-users-littl-agents-skills\outputs\04-christopherkahler-paul.md","SHA-256 F5FABE380D76C56E8FBBCE83B7077397E856A64A1F4ED6D178DED031EFE7E1BA; covered by the pinned full-file census and the report's exhaustive semantic traversal."
"src/templates/HANDOFF.md","orchestration_asset","analyzed","C:\Users\littl\Documents\Codex\2026-08-02\research-c-users-littl-agents-skills\outputs\04-christopherkahler-paul.md","SHA-256 E3A2D864115A14B543241D7A5E2D8DF7220110C2BECCF2EB4EE5E272D72613B1; covered by the pinned full-file census and the report's exhaustive semantic traversal."
"src/templates/ISSUES.md","orchestration_asset","analyzed","C:\Users\littl\Documents\Codex\2026-08-02\research-c-users-littl-agents-skills\outputs\04-christopherkahler-paul.md","SHA-256 217C15E4359A0A3705558694DCF51CB0457BA8A956227B6B0235D7B72E2CB60A; covered by the pinned full-file census and the report's exhaustive semantic traversal."
"src/templates/ledger-toml.md","orchestration_asset","analyzed","C:\Users\littl\Documents\Codex\2026-08-02\research-c-users-littl-agents-skills\outputs\04-christopherkahler-paul.md","SHA-256 267D35EF4C5386F62CE86DB11F0046B1A4E0CF943EB5E4EBFCB23FAACE34E3C8; covered by the pinned full-file census and the report's exhaustive semantic traversal."
"src/templates/milestone-archive.md","orchestration_asset","analyzed","C:\Users\littl\Documents\Codex\2026-08-02\research-c-users-littl-agents-skills\outputs\04-christopherkahler-paul.md","SHA-256 70D42B9959CB8831C5009032519D09A782F94C57E82F211986EE68431C1AF31A; covered by the pinned full-file census and the report's exhaustive semantic traversal."
"src/templates/milestone-context.md","orchestration_asset","analyzed","C:\Users\littl\Documents\Codex\2026-08-02\research-c-users-littl-agents-skills\outputs\04-christopherkahler-paul.md","SHA-256 75C67F99C1C026CB6E4BD4927D27DD762C379E4CA098D26C2879B64360C7B078; covered by the pinned full-file census and the report's exhaustive semantic traversal."
"src/templates/MILESTONES.md","orchestration_asset","analyzed","C:\Users\littl\Documents\Codex\2026-08-02\research-c-users-littl-agents-skills\outputs\04-christopherkahler-paul.md","SHA-256 0702CDE68662DC0D5B8EBCDAED8871EB9B3A7C2FCEFC94F67B29F1F8C043DE8A; covered by the pinned full-file census and the report's exhaustive semantic traversal."
"src/templates/paul-json.md","orchestration_asset","analyzed","C:\Users\littl\Documents\Codex\2026-08-02\research-c-users-littl-agents-skills\outputs\04-christopherkahler-paul.md","SHA-256 C99E99E0CFE3532D41B29C94C290718143C64F0704C340B0B2C27496CDF6E374; covered by the pinned full-file census and the report's exhaustive semantic traversal."
"src/templates/paul-toml.md","orchestration_asset","analyzed","C:\Users\littl\Documents\Codex\2026-08-02\research-c-users-littl-agents-skills\outputs\04-christopherkahler-paul.md","SHA-256 C531F0C9927E9578AD898775701265AD040874C4DAD32CE2EDC82892E6756BBC; covered by the pinned full-file census and the report's exhaustive semantic traversal."
"src/templates/PLAN.md","orchestration_asset","analyzed","C:\Users\littl\Documents\Codex\2026-08-02\research-c-users-littl-agents-skills\outputs\04-christopherkahler-paul.md","SHA-256 0C04B98C59408CE17A75441E532357247AD7FE7CD7FC7513F7A61AEB123869EF; covered by the pinned full-file census and the report's exhaustive semantic traversal."
"src/templates/PROJECT.md","orchestration_asset","analyzed","C:\Users\littl\Documents\Codex\2026-08-02\research-c-users-littl-agents-skills\outputs\04-christopherkahler-paul.md","SHA-256 4D390CA6E300D4972D0DAA2B88A3D951AA7D7309EBA865B43476840199186EFE; covered by the pinned full-file census and the report's exhaustive semantic traversal."
"src/templates/RESEARCH.md","orchestration_asset","analyzed","C:\Users\littl\Documents\Codex\2026-08-02\research-c-users-littl-agents-skills\outputs\04-christopherkahler-paul.md","SHA-256 CFB815187BE4DFFAC419FFA7AD890C27DFDDB09F6FAC67B49689A3918151537D; covered by the pinned full-file census and the report's exhaustive semantic traversal."
"src/templates/ROADMAP.md","orchestration_asset","analyzed","C:\Users\littl\Documents\Codex\2026-08-02\research-c-users-littl-agents-skills\outputs\04-christopherkahler-paul.md","SHA-256 01CE6650E810C6A1C99E982B578742F5C83FDE37F82D43091307AFAE81B76630; covered by the pinned full-file census and the report's exhaustive semantic traversal."
"src/templates/SPECIAL-FLOWS.md","orchestration_asset","analyzed","C:\Users\littl\Documents\Codex\2026-08-02\research-c-users-littl-agents-skills\outputs\04-christopherkahler-paul.md","SHA-256 5EE1ECCC492AEAB45D08D6A6321013C0890A2BDB91E5195A0B45AB7CBF0F8493; covered by the pinned full-file census and the report's exhaustive semantic traversal."
"src/templates/STATE.md","orchestration_asset","analyzed","C:\Users\littl\Documents\Codex\2026-08-02\research-c-users-littl-agents-skills\outputs\04-christopherkahler-paul.md","SHA-256 FCC9B47D309083FDE6D83C23E85A98018ABB1EBF10013D9B05E26C3BF1F8B840; covered by the pinned full-file census and the report's exhaustive semantic traversal."
"src/templates/SUMMARY.md","orchestration_asset","analyzed","C:\Users\littl\Documents\Codex\2026-08-02\research-c-users-littl-agents-skills\outputs\04-christopherkahler-paul.md","SHA-256 8D72F8C8DBE927104FCCA976E1BA87BB040D5F306EC492205E88C0CD0F2D1985; covered by the pinned full-file census and the report's exhaustive semantic traversal."
"src/templates/UAT-ISSUES.md","orchestration_asset","analyzed","C:\Users\littl\Documents\Codex\2026-08-02\research-c-users-littl-agents-skills\outputs\04-christopherkahler-paul.md","SHA-256 AC282C333975E8244D739F25B6D57D7DB79E89C06D2D05FB50FEBEA68B243840; covered by the pinned full-file census and the report's exhaustive semantic traversal."
"src/workflows/apply-phase.md","orchestration_asset","analyzed","C:\Users\littl\Documents\Codex\2026-08-02\research-c-users-littl-agents-skills\outputs\04-christopherkahler-paul.md","SHA-256 2C5B84D2844912F4E21B575557CB81B5BD1F978CB4894A8ED0C4CA880E860CDB; covered by the pinned full-file census and the report's exhaustive semantic traversal."
"src/workflows/audit-plan.md","orchestration_asset","analyzed","C:\Users\littl\Documents\Codex\2026-08-02\research-c-users-littl-agents-skills\outputs\04-christopherkahler-paul.md","SHA-256 4A807F172AA66EC8231E1A8CD30DA25A1FC6663201F3CA85B9214FEE234E36D9; covered by the pinned full-file census and the report's exhaustive semantic traversal."
"src/workflows/complete-milestone.md","orchestration_asset","analyzed","C:\Users\littl\Documents\Codex\2026-08-02\research-c-users-littl-agents-skills\outputs\04-christopherkahler-paul.md","SHA-256 3DCB8928EE8743A4CF3CA11459BE972F9DD3AC522ED009DAC1A27207C3AD7681; covered by the pinned full-file census and the report's exhaustive semantic traversal."
"src/workflows/configure-special-flows.md","orchestration_asset","analyzed","C:\Users\littl\Documents\Codex\2026-08-02\research-c-users-littl-agents-skills\outputs\04-christopherkahler-paul.md","SHA-256 7836EEE315BA163A34312DABA9AB6F639E609A78DC2FB4F0A71BB28ED8DA15AD; covered by the pinned full-file census and the report's exhaustive semantic traversal."
"src/workflows/consider-issues.md","orchestration_asset","analyzed","C:\Users\littl\Documents\Codex\2026-08-02\research-c-users-littl-agents-skills\outputs\04-christopherkahler-paul.md","SHA-256 519335AA9A386F9605690D4BF9D79632577D2526E8642C417476492F7CD25BA2; covered by the pinned full-file census and the report's exhaustive semantic traversal."
"src/workflows/create-milestone.md","orchestration_asset","analyzed","C:\Users\littl\Documents\Codex\2026-08-02\research-c-users-littl-agents-skills\outputs\04-christopherkahler-paul.md","SHA-256 EDD378E98A82DC5996B69AF5386662428F1426E5A93BF78D9F2EC781C5FE301C; covered by the pinned full-file census and the report's exhaustive semantic traversal."
"src/workflows/debug.md","orchestration_asset","analyzed","C:\Users\littl\Documents\Codex\2026-08-02\research-c-users-littl-agents-skills\outputs\04-christopherkahler-paul.md","SHA-256 3E71ED464C48ED801C0999F78EC0C4B050893D1230BE87F5B1C67813545584B6; covered by the pinned full-file census and the report's exhaustive semantic traversal."
"src/workflows/discovery.md","orchestration_asset","analyzed","C:\Users\littl\Documents\Codex\2026-08-02\research-c-users-littl-agents-skills\outputs\04-christopherkahler-paul.md","SHA-256 AB15F1332312DB5AA5274184094CDB4654889DFEC40EDC5CB8AC35CACB94C96A; covered by the pinned full-file census and the report's exhaustive semantic traversal."
"src/workflows/discuss-milestone.md","orchestration_asset","analyzed","C:\Users\littl\Documents\Codex\2026-08-02\research-c-users-littl-agents-skills\outputs\04-christopherkahler-paul.md","SHA-256 CCE416F20E08E046BE9A006969AF19DBA74045F5F72E751BACA33674D064C2AF; covered by the pinned full-file census and the report's exhaustive semantic traversal."
"src/workflows/discuss-phase.md","orchestration_asset","analyzed","C:\Users\littl\Documents\Codex\2026-08-02\research-c-users-littl-agents-skills\outputs\04-christopherkahler-paul.md","SHA-256 DD9067BA9A326F502216814E1C6723FBFE9D1AA033E19711B0AD0DD401C4391F; covered by the pinned full-file census and the report's exhaustive semantic traversal."
"src/workflows/init-project.md","orchestration_asset","analyzed","C:\Users\littl\Documents\Codex\2026-08-02\research-c-users-littl-agents-skills\outputs\04-christopherkahler-paul.md","SHA-256 9D5F50B2EEC594A861D091909D34E701A7F38E699802701CF84E06A356E5F33D; covered by the pinned full-file census and the report's exhaustive semantic traversal."
"src/workflows/map-codebase.md","orchestration_asset","analyzed","C:\Users\littl\Documents\Codex\2026-08-02\research-c-users-littl-agents-skills\outputs\04-christopherkahler-paul.md","SHA-256 DCD639A58360341CF27AD06162FDB962FA69083B4E900C203317D56F32D1FA93; covered by the pinned full-file census and the report's exhaustive semantic traversal."
"src/workflows/pause-work.md","orchestration_asset","analyzed","C:\Users\littl\Documents\Codex\2026-08-02\research-c-users-littl-agents-skills\outputs\04-christopherkahler-paul.md","SHA-256 2CF2D476FFE33BFD5FF2FE48596845C8F56C2170002F8CA1D85D6FAA5E3C0ADE; covered by the pinned full-file census and the report's exhaustive semantic traversal."
"src/workflows/phase-assumptions.md","orchestration_asset","analyzed","C:\Users\littl\Documents\Codex\2026-08-02\research-c-users-littl-agents-skills\outputs\04-christopherkahler-paul.md","SHA-256 CCD51400CB8F06CCF8CAAF719F0E740F72F68F178D279BA9A6637476CD7D6E56; covered by the pinned full-file census and the report's exhaustive semantic traversal."
"src/workflows/plan-phase.md","orchestration_asset","analyzed","C:\Users\littl\Documents\Codex\2026-08-02\research-c-users-littl-agents-skills\outputs\04-christopherkahler-paul.md","SHA-256 6366BFB8C20B01F565ABEC7B91AFFBA5F57084149E838030B2BF808D6E3C3370; covered by the pinned full-file census and the report's exhaustive semantic traversal."
"src/workflows/quality-gate.md","orchestration_asset","analyzed","C:\Users\littl\Documents\Codex\2026-08-02\research-c-users-littl-agents-skills\outputs\04-christopherkahler-paul.md","SHA-256 5CD9C1F697EAFC236D5F0499078C438188C2F4CF5728459F373E03DA0956484B; covered by the pinned full-file census and the report's exhaustive semantic traversal."
"src/workflows/register-manifest.md","orchestration_asset","analyzed","C:\Users\littl\Documents\Codex\2026-08-02\research-c-users-littl-agents-skills\outputs\04-christopherkahler-paul.md","SHA-256 4E9E8E7E424048D00AF25F80F637B7EAA6139F9B66BEFB23C4DE1296CCF6FE43; covered by the pinned full-file census and the report's exhaustive semantic traversal."
"src/workflows/research.md","orchestration_asset","analyzed","C:\Users\littl\Documents\Codex\2026-08-02\research-c-users-littl-agents-skills\outputs\04-christopherkahler-paul.md","SHA-256 CFB2504E8AB721BE9D0783B2A4A1EEF8D18A5149FFF0E74E873A7DD91B12007C; covered by the pinned full-file census and the report's exhaustive semantic traversal."
"src/workflows/resume-project.md","orchestration_asset","analyzed","C:\Users\littl\Documents\Codex\2026-08-02\research-c-users-littl-agents-skills\outputs\04-christopherkahler-paul.md","SHA-256 2C5551CE35A1A09FAEE253D32499094B0F6D9DF00DA20DAAD231B4E29F76A1AB; covered by the pinned full-file census and the report's exhaustive semantic traversal."
"src/workflows/roadmap-management.md","orchestration_asset","analyzed","C:\Users\littl\Documents\Codex\2026-08-02\research-c-users-littl-agents-skills\outputs\04-christopherkahler-paul.md","SHA-256 94041381A8ECC7959C7B16F603160E43DDFCCB6260115F0C0F4A2FF883C8ACA0; covered by the pinned full-file census and the report's exhaustive semantic traversal."
"src/workflows/transition-phase.md","orchestration_asset","analyzed","C:\Users\littl\Documents\Codex\2026-08-02\research-c-users-littl-agents-skills\outputs\04-christopherkahler-paul.md","SHA-256 D74EFC154ACF129CD48AB31D9E553D2C6F5D19357391B286668CF00A9C12FEF9; covered by the pinned full-file census and the report's exhaustive semantic traversal."
"src/workflows/unify-phase.md","orchestration_asset","analyzed","C:\Users\littl\Documents\Codex\2026-08-02\research-c-users-littl-agents-skills\outputs\04-christopherkahler-paul.md","SHA-256 5D30A21EBF120929D7636BA2FF322D9525218493C999F3A5FA838A75BCCD41E7; covered by the pinned full-file census and the report's exhaustive semantic traversal."
"src/workflows/verify-work.md","orchestration_asset","analyzed","C:\Users\littl\Documents\Codex\2026-08-02\research-c-users-littl-agents-skills\outputs\04-christopherkahler-paul.md","SHA-256 CD7F66E1E3508890ABAB4CB4E5AB0BFA4EB93FC75162E25B7975495AFAC5FC39; covered by the pinned full-file census and the report's exhaustive semantic traversal."
